,subreddit
3493,0
1629,0
8718,1
3403,0
9054,1
5252,1
596,0
8307,1
2535,0
5531,1
9654,1
11184,1
2890,0
6288,1
10934,1
12554,1
3225,0
2320,0
12734,1
5192,1
6679,1
2587,0
3662,0
12158,1
981,0
4520,0
7666,1
7719,1
4547,0
12498,1
9869,1
12051,1
12693,1
10735,1
5977,1
10929,1
5515,1
7634,1
4854,0
240,0
11295,1
9829,1
12829,1
9229,1
844,0
7722,1
1556,0
4871,0
4245,0
7932,1
6308,1
6500,1
1199,0
4051,0
9692,1
5765,1
3006,0
2955,0
9403,1
8674,1
8532,1
6843,1
10608,1
10850,1
10592,1
11394,1
4140,0
11252,1
12282,1
10717,1
5466,1
3101,0
11560,1
7890,1
1169,0
8959,1
7871,1
4727,0
9088,1
6641,1
1204,0
9961,1
11188,1
442,0
10990,1
3966,0
9215,1
4226,0
9687,1
1569,0
7693,1
5761,1
5256,1
11697,1
11674,1
11187,1
689,0
11526,1
8282,1
2586,0
1114,0
4675,0
10784,1
6317,1
9435,1
8140,1
11494,1
8693,1
5475,1
2987,0
11701,1
1267,0
6183,1
5381,1
3366,0
4972,0
10464,1
4065,0
7657,1
6910,1
5465,1
3956,0
6800,1
7955,1
6953,1
5886,1
698,0
8572,1
5207,1
10374,1
11670,1
6485,1
4202,0
3843,0
11593,1
3257,0
6751,1
3410,0
10830,1
11098,1
11746,1
4725,0
5877,1
8486,1
6360,1
1164,0
12496,1
1620,0
9947,1
1657,0
4492,0
3803,0
6118,1
6123,1
2627,0
11044,1
134,0
474,0
6915,1
9852,1
2156,0
11361,1
11915,1
3191,0
7408,1
12313,1
2918,0
1365,0
5685,1
8511,1
3759,0
7273,1
11051,1
8676,1
3027,0
12873,1
11389,1
10064,1
5874,1
9161,1
11070,1
8720,1
9696,1
4458,0
7960,1
1658,0
11268,1
1401,0
6099,1
11843,1
9036,1
7974,1
3306,0
8339,1
598,0
3547,0
8232,1
8885,1
3644,0
6579,1
9568,1
6292,1
1994,0
12133,1
8544,1
8194,1
12037,1
8659,1
657,0
4978,0
3470,0
8576,1
3875,0
8,0
9138,1
12322,1
7345,1
179,0
1650,0
7427,1
2781,0
322,0
12078,1
726,0
12472,1
3769,0
9664,1
6090,1
411,0
7875,1
7763,1
8864,1
2387,0
11575,1
668,0
9857,1
508,0
2657,0
8359,1
7012,1
9091,1
8133,1
9240,1
7169,1
11465,1
7226,1
1321,0
9043,1
2130,0
145,0
5454,1
9682,1
11066,1
12350,1
4713,0
1324,0
10769,1
3930,0
12508,1
988,0
2112,0
6862,1
10053,1
1744,0
11026,1
1246,0
280,0
10112,1
2750,0
11179,1
3689,0
498,0
2249,0
3813,0
9595,1
8883,1
2267,0
5168,1
3641,0
3017,0
8048,1
1656,0
11824,1
7371,1
2994,0
7942,1
3449,0
10238,1
10646,1
173,0
5489,1
4016,0
2914,0
8001,1
5036,0
10106,1
3536,0
10181,1
7860,1
2323,0
6158,1
3494,0
341,0
7801,1
7125,1
2832,0
6294,1
9651,1
11236,1
2409,0
11869,1
8887,1
1083,0
4524,0
5956,1
6282,1
7045,1
5749,1
5334,1
11335,1
5356,1
9580,1
1983,0
7359,1
8625,1
8036,1
7582,1
7232,1
6594,1
11829,1
12272,1
2160,0
12089,1
3253,0
12217,1
10899,1
4391,0
2261,0
12406,1
4495,0
4630,0
7515,1
4154,0
6628,1
12424,1
3471,0
617,0
7926,1
2190,0
9417,1
318,0
12474,1
2307,0
5360,1
11330,1
10848,1
1462,0
2967,0
692,0
12357,1
3224,0
10317,1
1425,0
9676,1
584,0
7838,1
11008,1
3464,0
1893,0
11116,1
11574,1
12633,1
8385,1
9930,1
2693,0
11283,1
10619,1
8311,1
10552,1
1740,0
5343,1
4502,0
1890,0
5974,1
5858,1
6566,1
12030,1
2450,0
7192,1
5202,1
8538,1
11155,1
10616,1
5643,1
2856,0
1470,0
12785,1
5227,1
8525,1
630,0
6171,1
6660,1
3588,0
8650,1
9797,1
4846,0
8829,1
5746,1
8753,1
6567,1
5258,1
4698,0
12046,1
12238,1
12154,1
4159,0
3788,0
656,0
7684,1
181,0
4558,0
1354,0
9104,1
11559,1
12295,1
8116,1
642,0
7398,1
4101,0
9915,1
3707,0
4667,0
9839,1
4183,0
3115,0
5868,1
5798,1
1418,0
9454,1
10209,1
11459,1
4560,0
6067,1
10077,1
4817,0
2499,0
11742,1
1933,0
12006,1
1943,0
2683,0
11751,1
7709,1
556,0
782,0
9518,1
446,0
7576,1
1261,0
5069,1
7130,1
9287,1
8858,1
11706,1
10987,1
12447,1
8365,1
5295,1
3624,0
4501,0
9457,1
4658,0
3272,0
3658,0
4319,0
5689,1
12519,1
10911,1
4489,0
3023,0
12712,1
1185,0
9717,1
2667,0
7043,1
5611,1
253,0
5908,1
11561,1
11816,1
1707,0
8228,1
9814,1
6859,1
1110,0
12680,1
11554,1
6727,1
11476,1
7593,1
8352,1
41,0
5399,1
77,0
10007,1
10591,1
4338,0
3937,0
4146,0
6950,1
10615,1
2592,0
9704,1
12686,1
6887,1
6890,1
11536,1
2851,0
12343,1
9955,1
8384,1
12524,1
7699,1
9891,1
7358,1
7023,1
10956,1
4480,0
8580,1
11528,1
9511,1
5722,1
9578,1
10959,1
2345,0
10,0
9184,1
6847,1
1993,0
10138,1
12541,1
11013,1
12555,1
12473,1
3982,0
287,0
2762,0
6393,1
8016,1
6684,1
6551,1
9690,1
7441,1
6121,1
9867,1
5012,0
6367,1
5111,1
8176,1
5001,0
9216,1
8814,1
10083,1
3251,0
11769,1
4262,0
11240,1
4548,0
6978,1
8930,1
983,0
11921,1
12346,1
6251,1
7933,1
6236,1
1073,0
11257,1
1980,0
6550,1
8454,1
12477,1
5547,1
12822,1
6570,1
5336,1
7551,1
4443,0
3886,0
3478,0
12603,1
6472,1
6816,1
7676,1
9833,1
9142,1
3279,0
12739,1
2571,0
193,0
7764,1
1675,0
5564,1
5305,1
59,0
3871,0
7565,1
1900,0
10250,1
11238,1
9050,1
6556,1
11666,1
307,0
4557,0
507,0
5898,1
904,0
9984,1
12766,1
12863,1
3125,0
11450,1
11115,1
5231,1
6617,1
8612,1
12242,1
10413,1
12713,1
9175,1
105,0
4718,0
5937,1
7799,1
3897,0
4968,0
10658,1
5565,1
5166,1
9359,1
5926,1
133,0
1512,0
10542,1
4812,0
5313,1
1976,0
152,0
8457,1
7985,1
503,0
5909,1
7277,1
3881,0
3775,0
8897,1
8653,1
10057,1
12325,1
8198,1
12681,1
12276,1
809,0
2723,0
9338,1
7738,1
7416,1
4634,0
2712,0
2109,0
8408,1
10263,1
5732,1
7344,1
8772,1
11633,1
7149,1
4992,0
7281,1
4813,0
429,0
9987,1
735,0
2558,0
8163,1
11150,1
12485,1
9635,1
824,0
128,0
5055,0
5005,0
6961,1
2722,0
1922,0
10154,1
4411,0
2187,0
8375,1
7448,1
9686,1
3887,0
3514,0
7736,1
3203,0
7882,1
7896,1
7073,1
12436,1
10193,1
2455,0
9443,1
7971,1
12288,1
7694,1
9258,1
6464,1
3078,0
7207,1
5483,1
10920,1
8161,1
8949,1
8117,1
589,0
125,0
10553,1
7958,1
5721,1
12523,1
5282,1
35,0
5267,1
12784,1
7055,1
7840,1
11757,1
5021,0
7956,1
2917,0
11942,1
6264,1
61,0
7594,1
12387,1
8767,1
4347,0
10505,1
10762,1
376,0
4753,0
11763,1
5293,1
5922,1
7017,1
2122,0
12116,1
7700,1
12001,1
9864,1
7983,1
8749,1
2718,0
11540,1
8077,1
12044,1
5637,1
7057,1
1879,0
11537,1
8403,1
11301,1
8573,1
5430,1
5247,1
5025,0
9381,1
10290,1
10498,1
5340,1
8207,1
8107,1
1680,0
1448,0
10171,1
2611,0
9971,1
5087,1
236,0
800,0
6925,1
10900,1
7916,1
11197,1
1510,0
8027,1
7904,1
6599,1
1000,0
2802,0
3055,0
230,0
10668,1
10766,1
3853,0
11163,1
1821,0
6166,1
717,0
8369,1
3183,0
4517,0
11539,1
6630,1
3593,0
9715,1
3209,0
2349,0
10484,1
9437,1
12176,1
2382,0
7050,1
3339,0
6799,1
7923,1
4078,0
9039,1
2839,0
3845,0
9750,1
7743,1
399,0
4967,0
1634,0
8360,1
2635,0
5339,1
7705,1
5758,1
1116,0
5310,1
754,0
10690,1
12121,1
9648,1
286,0
11814,1
5953,1
82,0
11294,1
7433,1
7827,1
6125,1
1394,0
8665,1
3888,0
8958,1
7690,1
11629,1
7168,1
3342,0
7685,1
690,0
9139,1
8126,1
3402,0
8078,1
9222,1
400,0
7897,1
5783,1
5017,0
7025,1
6431,1
12684,1
3671,0
11079,1
11455,1
4837,0
10092,1
1708,0
9929,1
9666,1
575,0
7511,1
1268,0
2082,0
2875,0
4965,0
6100,1
11938,1
7188,1
4161,0
8990,1
5880,1
427,0
4772,0
11917,1
9000,1
271,0
5506,1
7639,1
2049,0
12095,1
3991,0
6319,1
7728,1
11231,1
5834,1
3035,0
1039,0
5162,1
11704,1
2716,0
5630,1
153,0
5006,0
12839,1
220,0
11448,1
6954,1
11074,1
4662,0
295,0
8828,1
6665,1
8996,1
9448,1
9367,1
723,0
7735,1
5309,1
11311,1
6892,1
6273,1
2743,0
9565,1
5156,1
12640,1
12216,1
3168,0
1878,0
3255,0
12429,1
5473,1
1191,0
12570,1
7244,1
9731,1
9406,1
5236,1
11714,1
4242,0
11749,1
7347,1
12193,1
10985,1
1087,0
1733,0
634,0
10796,1
8427,1
9658,1
3011,0
12178,1
9479,1
4118,0
12319,1
1777,0
9487,1
11927,1
0,0
11064,1
12258,1
60,0
2177,0
12504,1
4155,0
3335,0
4131,0
8915,1
9566,1
3754,0
1447,0
12031,1
2424,0
11496,1
3265,0
9081,1
6436,1
970,0
8037,1
6429,1
12028,1
4455,0
11929,1
9329,1
10242,1
2143,0
9893,1
2938,0
9285,1
306,0
8733,1
7329,1
649,0
12464,1
12234,1
2085,0
627,0
7912,1
108,0
3934,0
8089,1
11638,1
3622,0
2894,0
8624,1
8465,1
5056,0
6408,1
1868,0
3743,0
7098,1
6722,1
11743,1
199,0
10351,1
9863,1
12361,1
8257,1
7800,1
5709,1
5601,1
7603,1
3594,0
4576,0
10292,1
7255,1
6598,1
2020,0
20,0
311,0
10821,1
1565,0
11655,1
4546,0
3962,0
11783,1
5860,1
3158,0
675,0
9527,1
2302,0
10999,1
2135,0
254,0
6086,1
171,0
1488,0
7061,1
7957,1
9535,1
10085,1
12864,1
5594,1
10388,1
7951,1
525,0
5257,1
9636,1
9757,1
12304,1
9471,1
1537,0
3421,0
11908,1
2326,0
8591,1
3781,0
7214,1
3155,0
2368,0
7507,1
3972,0
4703,0
7071,1
3398,0
6911,1
11360,1
12418,1
4166,0
3463,0
1834,0
7941,1
10579,1
7081,1
6827,1
9268,1
1421,0
9873,1
6372,1
4531,0
4287,0
1818,0
7219,1
8262,1
2314,0
4785,0
8721,1
2301,0
5546,1
5705,1
10082,1
10364,1
7260,1
1723,0
12181,1
12174,1
12809,1
8327,1
8946,1
4894,0
7331,1
4374,0
10794,1
7988,1
9223,1
7239,1
9640,1
6929,1
10276,1
12118,1
6368,1
2303,0
12389,1
1082,0
6572,1
5987,1
1208,0
6167,1
7883,1
25,0
8776,1
3087,0
971,0
7552,1
3895,0
12670,1
7220,1
9871,1
9643,1
3862,0
11607,1
3651,0
3682,0
3631,0
2005,0
4372,0
12537,1
5729,1
3787,0
3462,0
11096,1
606,0
4405,0
12025,1
2411,0
4893,0
10968,1
10788,1
12548,1
12013,1
4920,0
6279,1
11282,1
7940,1
1549,0
1459,0
3010,0
12250,1
2796,0
7274,1
394,0
3505,0
3480,0
6821,1
5159,1
11840,1
10249,1
3717,0
12431,1
4160,0
12420,1
1054,0
8205,1
5744,1
10845,1
5048,0
8813,1
3054,0
72,0
10235,1
4018,0
10169,1
6894,1
11216,1
3741,0
4002,0
55,0
9374,1
5998,1
3904,0
8697,1
6858,1
6852,1
4970,0
277,0
5659,1
4790,0
110,0
6992,1
701,0
4535,0
1854,0
9551,1
11492,1
7928,1
6010,1
5991,1
8943,1
1724,0
5852,1
4113,0
7170,1
67,0
1536,0
7266,1
2418,0
8986,1
3062,0
4597,0
6536,1
10177,1
10478,1
4861,0
7229,1
4062,0
808,0
8088,1
3456,0
8921,1
11146,1
9129,1
8594,1
4543,0
9742,1
8850,1
4852,0
10097,1
332,0
5094,1
8617,1
4579,0
9608,1
9796,1
5787,1
7413,1
10566,1
8073,1
3666,0
1597,0
9769,1
992,0
5753,1
3831,0
9868,1
6006,1
468,0
45,0
2540,0
6211,1
11886,1
12867,1
6369,1
4523,0
10173,1
5839,1
5490,1
9634,1
2775,0
12419,1
1156,0
8251,1
8717,1
8070,1
7470,1
3952,0
4926,0
11585,1
8899,1
6379,1
3063,0
5234,1
12290,1
12547,1
162,0
1240,0
12141,1
4507,0
4344,0
6242,1
9516,1
12532,1
9899,1
10953,1
12038,1
6668,1
6989,1
2830,0
1869,0
8120,1
12814,1
1514,0
4859,0
3792,0
8757,1
8221,1
3914,0
7495,1
10448,1
6232,1
393,0
3946,0
7297,1
3927,0
12353,1
11368,1
8636,1
1539,0
5053,0
6625,1
11395,1
2056,0
357,0
12042,1
1960,0
12579,1
12652,1
5155,1
4104,0
11604,1
946,0
968,0
3171,0
9941,1
1817,0
9405,1
7587,1
5377,1
7391,1
2009,0
9976,1
7197,1
6059,1
12155,1
3098,0
1859,0
8846,1
6945,1
2487,0
10032,1
3440,0
5879,1
6544,1
6645,1
3304,0
4331,0
5448,1
7406,1
10787,1
9131,1
1757,0
6776,1
432,0
1065,0
6150,1
3540,0
11926,1
7162,1
4348,0
1577,0
11022,1
9398,1
11835,1
1838,0
5325,1
3985,0
5433,1
7117,1
4285,0
11902,1
5905,1
9875,1
7339,1
284,0
301,0
4569,0
3614,0
3241,0
7366,1
8756,1
9392,1
9841,1
457,0
3954,0
2765,0
1471,0
7600,1
1106,0
3362,0
6142,1
5674,1
9114,1
8860,1
6564,1
10461,1
4534,0
12210,1
1606,0
10547,1
12628,1
8443,1
2042,0
10063,1
2093,0
6003,1
1304,0
8354,1
12168,1
1028,0
7349,1
7814,1
8240,1
2035,0
8387,1
2625,0
11772,1
4498,0
4740,0
5602,1
11583,1
2287,0
10623,1
3288,0
7181,1
5453,1
12831,1
11661,1
9755,1
7210,1
8619,1
4357,0
4328,0
9805,1
4299,0
3599,0
12675,1
7440,1
841,0
4186,0
1346,0
3228,0
10895,1
8722,1
6680,1
2205,0
3419,0
3135,0
10416,1
10932,1
4382,0
7385,1
1457,0
4504,0
11522,1
11542,1
6568,1
1207,0
9134,1
1021,0
12666,1
1419,0
9419,1
7499,1
7093,1
6807,1
71,0
10463,1
1131,0
1717,0
4637,0
3880,0
12746,1
1665,0
7165,1
11547,1
200,0
4069,0
9791,1
4786,0
2606,0
10966,1
2993,0
2735,0
977,0
5217,1
3020,0
10688,1
7837,1
187,0
1655,0
4134,0
4141,0
2812,0
8182,1
12392,1
9245,1
2104,0
11251,1
5384,1
2975,0
2379,0
826,0
9697,1
8987,1
8388,1
1128,0
4009,0
12254,1
546,0
888,0
1813,0
2090,0
11702,1
8068,1
5983,1
3167,0
6283,1
4900,0
12185,1
1500,0
10543,1
2262,0
4394,0
2792,0
3007,0
5577,1
9679,1
10531,1
1259,0
537,0
12530,1
9798,1
8134,1
12059,1
4728,0
10893,1
70,0
7925,1
12207,1
8689,1
9063,1
3855,0
1750,0
1437,0
4426,0
2793,0
2790,0
10622,1
5206,1
8675,1
7327,1
11478,1
2023,0
2664,0
11435,1
3793,0
3208,0
11364,1
10146,1
713,0
11788,1
10202,1
1285,0
12759,1
7152,1
12097,1
3280,0
10176,1
8759,1
7482,1
11151,1
2595,0
9965,1
11652,1
12576,1
12529,1
5529,1
11985,1
5223,1
1907,0
2507,0
10868,1
7794,1
3706,0
9362,1
5287,1
1361,0
6112,1
11306,1
8954,1
1044,0
3515,0
3230,0
9564,1
9195,1
764,0
1167,0
3050,0
12249,1
3653,0
3233,0
11691,1
4234,0
5999,1
8620,1
593,0
7691,1
12065,1
1489,0
11807,1
11369,1
8826,1
6699,1
8246,1
5250,1
4681,0
10495,1
158,0
4521,0
12103,1
7591,1
1066,0
52,0
447,0
730,0
2457,0
12047,1
373,0
940,0
1984,0
10223,1
847,0
237,0
2983,0
5152,1
2885,0
8848,1
3110,0
4325,0
12699,1
1407,0
12212,1
7491,1
10220,1
4346,0
2276,0
7442,1
4853,0
10859,1
6132,1
5142,1
3817,0
9948,1
11035,1
8015,1
1588,0
5651,1
11812,1
1896,0
3198,0
601,0
5617,1
6451,1
1860,0
11518,1
1499,0
12544,1
10915,1
11940,1
2903,0
2494,0
75,0
1461,0
1349,0
5996,1
3309,0
5718,1
2560,0
3824,0
4050,0
3145,0
12819,1
5931,1
2100,0
10793,1
512,0
10754,1
11998,1
1026,0
5842,1
9296,1
868,0
8075,1
12456,1
7569,1
2346,0
4258,0
1727,0
8123,1
11059,1
5920,1
8925,1
3355,0
4100,0
7063,1
7737,1
11327,1
10342,1
12330,1
7806,1
7720,1
8913,1
8927,1
10179,1
4040,0
4273,0
8980,1
6664,1
3152,0
1002,0
2175,0
2322,0
5098,1
9674,1
4370,0
3509,0
6469,1
12621,1
10086,1
2353,0
12201,1
2778,0
5889,1
8480,1
5493,1
4042,0
9963,1
12632,1
7164,1
6074,1
11135,1
1570,0
7105,1
2238,0
9295,1
9816,1
4203,0
10778,1
6754,1
161,0
902,0
4685,0
12175,1
9210,1
5130,1
6088,1
7910,1
8842,1
9294,1
10028,1
4940,0
10133,1
8103,1
2207,0
11249,1
8916,1
7917,1
8501,1
10819,1
1901,0
1161,0
8400,1
4927,0
11381,1
2855,0
7779,1
3773,0
8308,1
10883,1
5051,0
3917,0
6395,1
3863,0
10721,1
3687,0
9675,1
7668,1
9017,1
10320,1
2946,0
3172,0
6419,1
1256,0
3796,0
9756,1
5584,1
597,0
10814,1
11399,1
7068,1
9496,1
3305,0
8239,1
1351,0
7820,1
12818,1
12266,1
11662,1
11421,1
650,0
10125,1
9100,1
12261,1
3719,0
11221,1
7084,1
1023,0
4979,0
5145,1
6861,1
9513,1
210,0
3415,0
11430,1
11845,1
1341,0
8456,1
5745,1
7172,1
8962,1
4090,0
9146,1
886,0
10723,1
11200,1
4998,0
9887,1
1795,0
7310,1
2063,0
9768,1
10852,1
12593,1
6624,1
3451,0
10738,1
8766,1
7439,1
11562,1
3722,0
1231,0
3234,0
11255,1
4757,0
5471,1
6103,1
5378,1
11134,1
9439,1
9276,1
445,0
1660,0
3223,0
3612,0
6652,1
11192,1
1438,0
2737,0
3667,0
10319,1
6105,1
7614,1
10716,1
10728,1
5501,1
3748,0
11432,1
9589,1
1245,0
12086,1
10789,1
3893,0
9205,1
10534,1
4059,0
6144,1
8247,1
12294,1
11515,1
6868,1
3611,0
6602,1
3891,0
784,0
4556,0
10108,1
8907,1
1614,0
6106,1
9806,1
9035,1
5776,1
3393,0
6250,1
11878,1
12040,1
516,0
9517,1
348,0
6114,1
7294,1
11392,1
4957,0
12469,1
3750,0
6518,1
2624,0
6330,1
5271,1
5806,1
5533,1
482,0
4238,0
6494,1
9923,1
3656,0
8353,1
5123,1
3607,0
6391,1
9328,1
382,0
3016,0
554,0
4265,0
9671,1
2219,0
5907,1
2527,0
7264,1
3352,0
6600,1
799,0
5790,1
2645,0
11990,1
2480,0
8035,1
11900,1
7588,1
1042,0
2380,0
10937,1
11777,1
7740,1
6358,1
5794,1
3918,0
10824,1
6027,1
1990,0
6246,1
2118,0
10124,1
11901,1
3371,0
10186,1
3302,0
1226,0
4510,0
235,0
3173,0
8610,1
7455,1
7364,1
8830,1
7205,1
2225,0
805,0
251,0
8040,1
12466,1
3744,0
326,0
10629,1
967,0
4555,0
910,0
11970,1
5641,1
12697,1
774,0
10080,1
10665,1
9289,1
12233,1
4932,0
65,0
1476,0
3791,0
2158,0
4249,0
1730,0
113,0
9292,1
10528,1
40,0
11979,1
3457,0
11355,1
11438,1
12849,1
4953,0
12131,1
986,0
1578,0
9109,1
12310,1
11613,1
9475,1
2951,0
8654,1
3849,0
2254,0
6529,1
823,0
9990,1
9740,1
3686,0
1773,0
9196,1
12043,1
10215,1
7642,1
1373,0
496,0
495,0
10663,1
11305,1
8515,1
5737,1
8727,1
3945,0
1844,0
9093,1
8333,1
1241,0
3079,0
10745,1
11177,1
7428,1
12079,1
212,0
4158,0
490,0
3399,0
12222,1
7586,1
11563,1
5125,1
1888,0
12197,1
10469,1
7353,1
4532,0
5936,1
12753,1
11180,1
2501,0
3319,0
3714,0
7750,1
956,0
6657,1
5730,1
4738,0
3913,0
7024,1
11037,1
9966,1
5826,1
738,0
4408,0
4284,0
6820,1
10068,1
549,0
1136,0
325,0
7703,1
1027,0
9776,1
1781,0
5126,1
11043,1
8250,1
3499,0
8715,1
147,0
5172,1
4995,0
207,0
8540,1
3761,0
3301,0
6815,1
2497,0
10130,1
6198,1
10299,1
2738,0
10976,1
252,0
2509,0
10122,1
7134,1
10992,1
1305,0
2095,0
9759,1
1379,0
4716,0
5917,1
3522,0
11428,1
10194,1
2289,0
3041,0
9585,1
9909,1
6307,1
9601,1
7976,1
8684,1
5724,1
10372,1
12151,1
2543,0
4290,0
3688,0
6678,1
1408,0
2639,0
731,0
7356,1
12852,1
7619,1
4316,0
12764,1
10950,1
11143,1
121,0
4310,0
8618,1
10479,1
12695,1
11646,1
8310,1
5426,1
12440,1
9426,1
11679,1
4190,0
11897,1
6387,1
7401,1
8045,1
8183,1
8566,1
2216,0
7410,1
5541,1
879,0
4349,0
11504,1
4763,0
4671,0
202,0
5432,1
2795,0
4432,0
2324,0
1925,0
12167,1
2814,0
5906,1
588,0
6895,1
3836,0
1217,0
838,0
3346,0
6350,1
4575,0
7124,1
2390,0
11510,1
11346,1
2936,0
2949,0
12463,1
9539,1
1135,0
6716,1
3753,0
10533,1
9128,1
11872,1
7372,1
2174,0
11482,1
1297,0
4542,0
9582,1
2999,0
5297,1
8306,1
8063,1
1734,0
1390,0
7173,1
12119,1
2304,0
4987,0
7537,1
9127,1
5760,1
226,0
10593,1
10540,1
7578,1
3579,0
746,0
11010,1
10679,1
580,0
7653,1
8455,1
9025,1
7751,1
7249,1
972,0
3282,0
11700,1
7407,1
9559,1
12736,1
12600,1
5177,1
7996,1
9920,1
8518,1
3275,0
5603,1
3075,0
12841,1
9781,1
993,0
3829,0
12850,1
1694,0
458,0
2176,0
3618,0
3546,0
12637,1
9532,1
9650,1
6948,1
1737,0
10348,1
2295,0
8218,1
2291,0
10311,1
1174,0
577,0
7724,1
11354,1
5792,1
6663,1
9594,1
10435,1
6720,1
12124,1
7376,1
4121,0
9854,1
6682,1
10000,1
12356,1
917,0
7857,1
8657,1
2280,0
10695,1
6326,1
10158,1
1194,0
2284,0
4805,0
3521,0
2740,0
8429,1
10418,1
4410,0
4973,0
5353,1
2764,0
570,0
6234,1
1018,0
10183,1
1856,0
8342,1
9255,1
9297,1
6528,1
1493,0
890,0
3527,0
1964,0
8710,1
2842,0
6336,1
3601,0
5555,1
2013,0
10706,1
2166,0
12560,1
9749,1
11997,1
8527,1
7884,1
11681,1
12338,1
10231,1
11709,1
4845,0
12397,1
9262,1
6818,1
3896,0
6212,1
6147,1
6983,1
2579,0
5127,1
4836,0
12635,1
8303,1
1538,0
3739,0
8758,1
10005,1
6913,1
4015,0
9220,1
10175,1
6136,1
4899,0
11193,1
2003,0
1962,0
3613,0
9853,1
7802,1
7518,1
4730,0
5455,1
12076,1
9072,1
1622,0
1097,0
1651,0
7528,1
6324,1
3911,0
5474,1
12678,1
3326,0
5988,1
3731,0
2807,0
6742,1
11100,1
3975,0
12148,1
3825,0
1899,0
790,0
10050,1
9217,1
2065,0
4672,0
9708,1
11349,1
2921,0
12192,1
9462,1
833,0
2642,0
6331,1
10894,1
7877,1
5542,1
3852,0
6824,1
7842,1
2153,0
6213,1
3646,0
10624,1
4525,0
9832,1
3338,0
7396,1
1811,0
8892,1
2521,0
11148,1
6209,1
12122,1
7458,1
4221,0
12664,1
755,0
10842,1
8778,1
1163,0
9377,1
5061,0
9409,1
11477,1
270,0
2277,0
6424,1
9438,1
8080,1
6299,1
5620,1
2200,0
1081,0
2328,0
247,0
8143,1
12256,1
12296,1
9734,1
10195,1
10248,1
7390,1
12671,1
10530,1
7355,1
5499,1
2619,0
3941,0
3192,0
9620,1
10241,1
541,0
2258,0
11552,1
4541,0
3747,0
12486,1
3461,0
8809,1
11850,1
10655,1
7571,1
1573,0
3331,0
8418,1
950,0
4870,0
1343,0
583,0
2394,0
2594,0
5285,1
11831,1
11738,1
8832,1
2526,0
5040,0
8560,1
791,0
6675,1
3988,0
6863,1
6897,1
1961,0
9122,1
6831,1
1159,0
4566,0
4584,0
7692,1
7082,1
12433,1
4033,0
9181,1
2504,0
6071,1
6020,1
1313,0
5386,1
959,0
7615,1
10230,1
10386,1
4815,0
5450,1
4623,0
8276,1
1772,0
2847,0
5846,1
6378,1
2159,0
11945,1
9983,1
9980,1
11359,1
142,0
10877,1
5118,1
3901,0
6179,1
10432,1
6555,1
2004,0
3179,0
3181,0
8243,1
2027,0
10682,1
11819,1
9722,1
9810,1
499,0
2265,0
6851,1
12792,1
5117,1
6214,1
9110,1
7258,1
10732,1
8856,1
11916,1
9086,1
10006,1
1052,0
5176,1
9649,1
5854,1
10437,1
4627,0
8823,1
151,0
2110,0
4390,0
3177,0
1270,0
11790,1
6504,1
9158,1
1706,0
7581,1
7990,1
10438,1
1820,0
8459,1
5114,1
5585,1
3084,0
1211,0
5661,1
2426,0
9282,1
11009,1
6904,1
11388,1
1780,0
144,0
5681,1
3649,0
12302,1
9277,1
8180,1
11058,1
456,0
2662,0
7308,1
9925,1
3905,0
655,0
8405,1
7671,1
4337,0
8351,1
6321,1
5657,1
8563,1
10816,1
10609,1
5844,1
11125,1
11875,1
12591,1
11566,1
5200,1
1632,0
11075,1
1787,0
8341,1
4945,0
3603,0
12184,1
3431,0
8914,1
7463,1
6951,1
8589,1
3367,0
6017,1
4833,0
12798,1
1117,0
9305,1
806,0
192,0
1904,0
12056,1
11461,1
834,0
5328,1
10180,1
11024,1
137,0
524,0
11015,1
10270,1
6291,1
1374,0
7301,1
10984,1
6627,1
7628,1
9549,1
3969,0
12003,1
6340,1
11040,1
12777,1
169,0
2275,0
10273,1
10880,1
9121,1
3795,0
9824,1
11334,1
160,0
11158,1
5902,1
4321,0
10059,1
1472,0
7894,1
1725,0
8038,1
6764,1
2734,0
4832,0
2898,0
2927,0
5699,1
7243,1
10596,1
869,0
11663,1
10678,1
10524,1
3776,0
6137,1
12428,1
3187,0
2905,0
1831,0
3069,0
10237,1
6348,1
2913,0
3390,0
11169,1
416,0
1808,0
6160,1
861,0
10978,1
756,0
9801,1
2831,0
10089,1
9124,1
9811,1
8797,1
4049,0
6626,1
5427,1
3801,0
1482,0
4823,0
391,0
2623,0
1638,0
2872,0
2690,0
913,0
3219,0
1519,0
11730,1
8256,1
6333,1
4457,0
3373,0
12594,1
8061,1
9085,1
7185,1
10337,1
8670,1
7602,1
3213,0
12235,1
7315,1
4044,0
10456,1
7966,1
11323,1
8976,1
5251,1
11468,1
11093,1
12022,1
9745,1
6038,1
7291,1
12300,1
1247,0
7302,1
11277,1
8261,1
4403,0
3680,0
9170,1
8110,1
10761,1
8094,1
5103,1
10822,1
1209,0
2685,0
3096,0
7632,1
5291,1
1455,0
4076,0
12094,1
4001,0
2348,0
5568,1
10613,1
12015,1
4448,0
7505,1
11859,1
12036,1
9056,1
10101,1
4632,0
10582,1
9356,1
4484,0
7708,1
12620,1
8508,1
10447,1
11342,1
10989,1
5845,1
7100,1
6885,1
12143,1
9940,1
10506,1
269,0
3710,0
8018,1
10402,1
10567,1
2217,0
9894,1
4721,0
7222,1
9489,1
6673,1
9647,1
1129,0
871,0
1886,0
3344,0
10168,1
480,0
767,0
3032,0
626,0
12549,1
2974,0
10749,1
9079,1
12483,1
11689,1
3467,0
2375,0
4808,0
6116,1
843,0
1754,0
14,0
1958,0
6149,1
4415,0
3712,0
9256,1
4895,0
5702,1
9274,1
1824,0
12323,1
12698,1
5425,1
5163,1
9327,1
11729,1
9576,1
1595,0
574,0
12232,1
4084,0
6406,1
11402,1
3484,0
11415,1
3774,0
2632,0
6046,1
2882,0
9033,1
5347,1
12669,1
6254,1
8859,1
3995,0
2002,0
2942,0
9354,1
487,0
5201,1
2602,0
2186,0
8520,1
12612,1
5948,1
9949,1
8291,1
703,0
2124,0
2451,0
6155,1
7211,1
7929,1
8136,1
11097,1
10577,1
12815,1
6383,1
347,0
3898,0
5644,1
2483,0
3785,0
8071,1
7049,1
148,0
3866,0
7121,1
9588,1
3368,0
3578,0
4256,0
7618,1
5848,1
11347,1
11863,1
9171,1
3099,0
2184,0
9231,1
2820,0
8488,1
1396,0
3441,0
3783,0
7104,1
5195,1
5708,1
4077,0
3287,0
2257,0
5892,1
2744,0
9246,1
4611,0
12329,1
5928,1
7583,1
6274,1
463,0
11296,1
2749,0
3864,0
8817,1
10332,1
2131,0
401,0
7979,1
5788,1
8160,1
11021,1
8362,1
4767,0
2266,0
10910,1
8847,1
12799,1
4250,0
5437,1
11234,1
7712,1
1281,0
12263,1
245,0
3581,0
5081,1
2138,0
12166,1
4519,0
4690,0
1051,0
8730,1
12807,1
11379,1
12563,1
11818,1
5481,1
6323,1
8484,1
6919,1
1645,0
7217,1
5890,1
11753,1
4824,0
11967,1
6016,1
914,0
5409,1
5302,1
11291,1
5588,1
7186,1
7813,1
10504,1
10047,1
4891,0
5604,1
3048,0
7625,1
11429,1
7289,1
6560,1
11376,1
2598,0
2369,0
10041,1
9737,1
3580,0
343,0
12073,1
7322,1
11982,1
7400,1
2643,0
2397,0
1623,0
12481,1
4918,0
10384,1
6930,1
6461,1
1465,0
3542,0
9701,1
10742,1
1668,0
4459,0
9735,1
10568,1
1715,0
4862,0
3994,0
10739,1
7952,1
7497,1
4708,0
4512,0
5969,1
1380,0
1957,0
7177,1
2901,0
635,0
8988,1
4975,0
1876,0
5716,1
5626,1
11994,1
8923,1
3231,0
11464,1
4588,0
2804,0
12803,1
11519,1
12855,1
12373,1
5077,1
10480,1
7566,1
11549,1
9865,1
8868,1
12539,1
12231,1
12293,1
12853,1
1430,0
812,0
5110,1
10378,1
8554,1
12041,1
11586,1
4702,0
1991,0
990,0
4371,0
559,0
5277,1
9790,1
12219,1
680,0
1424,0
8760,1
11922,1
5622,1
6083,1
2502,0
4116,0
1481,0
797,0
6289,1
8058,1
11569,1
7675,1
922,0
3584,0
8983,1
2726,0
2590,0
12756,1
4746,0
10545,1
10571,1
6883,1
5775,1
2691,0
11331,1
10513,1
8942,1
11460,1
11352,1
12106,1
1352,0
2060,0
2736,0
11617,1
4237,0
9074,1
8112,1
2981,0
2756,0
10460,1
11199,1
2629,0
2357,0
6172,1
9992,1
1286,0
4680,0
8592,1
11320,1
8801,1
10014,1
8024,1
9752,1
8825,1
3872,0
10069,1
1789,0
11882,1
11475,1
6182,1
7711,1
6314,1
10309,1
7647,1
2864,0
1460,0
9441,1
1736,0
3834,0
4670,0
10494,1
10520,1
2388,0
4312,0
10359,1
6229,1
10650,1
2895,0
12596,1
3683,0
5054,0
8550,1
7153,1
9621,1
11358,1
352,0
4694,0
2272,0
4826,0
11127,1
9209,1
2755,0
12583,1
8542,1
9959,1
9673,1
9985,1
5075,1
1908,0
12668,1
7567,1
5618,1
8709,1
4886,0
3356,0
4897,0
10496,1
8085,1
12647,1
11107,1
8138,1
4236,0
8179,1
9464,1
12770,1
12701,1
2351,0
4472,0
10906,1
12521,1
12196,1
832,0
3856,0
11708,1
12578,1
4606,0
6053,1
10345,1
2757,0
5698,1
2495,0
10779,1
9571,1
1751,0
8148,1
12577,1
2874,0
4222,0
7672,1
6540,1
5074,1
10412,1
4822,0
3283,0
5836,1
6507,1
7053,1
10873,1
3861,0
12816,1
11966,1
8568,1
12372,1
2924,0
7727,1
8745,1
3082,0
2297,0
2373,0
10559,1
310,0
6468,1
4300,0
7946,1
9474,1
739,0
10424,1
2977,0
11439,1
9166,1
3668,0
9067,1
4527,0
7908,1
2237,0
2605,0
9850,1
6235,1
5139,1
5579,1
5181,1
5861,1
11568,1
12775,1
11120,1
6962,1
12845,1
5989,1
786,0
3940,0
7845,1
4838,0
8933,1
8948,1
6120,1
3936,0
7487,1
5767,1
10606,1
3971,0
7788,1
10580,1
11006,1
5314,1
9144,1
4339,0
12617,1
1909,0
7457,1
8265,1
8434,1
9415,1
2171,0
2028,0
8773,1
7494,1
10951,1
7753,1
6050,1
1921,0
595,0
3236,0
2827,0
618,0
528,0
2432,0
6841,1
6766,1
5128,1
11904,1
11329,1
5349,1
5104,1
11094,1
1587,0
11045,1
2870,0
11427,1
7187,1
9577,1
10008,1
10649,1
12479,1
6401,1
9322,1
3572,0
9347,1
9556,1
4227,0
664,0
8067,1
1043,0
3450,0
8356,1
2359,0
2283,0
10614,1
6410,1
11794,1
8917,1
1113,0
9160,1
820,0
8852,1
9450,1
9357,1
1928,0
2194,0
1535,0
2030,0
4904,0
2119,0
3409,0
10135,1
10271,1
6676,1
2593,0
7450,1
11928,1
8440,1
12688,1
7276,1
7622,1
7865,1
1729,0
7483,1
2344,0
10389,1
4841,0
10630,1
11740,1
4581,0
5090,1
11447,1
2292,0
9830,1
9272,1
7854,1
8505,1
462,0
11316,1
1307,0
7783,1
10673,1
7007,1
2711,0
4252,0
4554,0
7096,1
11280,1
6412,1
2339,0
6498,1
2858,0
12638,1
2360,0
9164,1
5375,1
6325,1
3735,0
11118,1
3558,0
1335,0
1929,0
1288,0
9538,1
9631,1
9197,1
1594,0
5866,1
1667,0
3865,0
11405,1
11731,1
8188,1
3806,0
8992,1
37,0
740,0
1058,0
477,0
8687,1
5469,1
961,0
6438,1
5263,1
7263,1
5764,1
8658,1
7116,1
9044,1
4026,0
2692,0
1368,0
2789,0
4723,0
3755,0
3045,0
1926,0
3517,0
2133,0
1225,0
1466,0
4277,0
1836,0
6878,1
12169,1
412,0
299,0
12239,1
12435,1
9950,1
8901,1
8200,1
7797,1
12416,1
7037,1
10840,1
2434,0
3879,0
10497,1
73,0
6225,1
11989,1
3,0
6502,1
4948,0
6043,1
11270,1
5779,1
11676,1
10137,1
12277,1
9490,1
523,0
5873,1
4239,0
12820,1
4387,0
906,0
682,0
9878,1
2547,0
10709,1
4075,0
4607,0
9266,1
1435,0
5190,1
12129,1
10431,1
1970,0
6048,1
6872,1
7267,1
11511,1
3185,0
6717,1
4286,0
5244,1
925,0
4295,0
6463,1
2943,0
1558,0
10529,1
11720,1
6041,1
5175,1
9084,1
611,0
7044,1
2084,0
1141,0
9994,1
2444,0
4514,0
9323,1
1784,0
9545,1
4890,0
8607,1
12471,1
10539,1
10941,1
11802,1
4544,0
9537,1
12292,1
4471,0
7142,1
10713,1
7056,1
2043,0
10328,1
2580,0
973,0
5431,1
6108,1
11782,1
12132,1
4640,0
10570,1
10770,1
11133,1
407,0
9440,1
3570,0
1506,0
6658,1
7982,1
3131,0
9319,1
533,0
9540,1
3876,0
1100,0
6384,1
129,0
3984,0
11484,1
2128,0
10835,1
6013,1
3370,0
9662,1
6710,1
9728,1
334,0
9350,1
6546,1
4469,0
5828,1
11431,1
11345,1
10482,1
3798,0
12726,1
9013,1
8051,1
342,0
3434,0
3140,0
7849,1
9879,1
2741,0
4327,0
8059,1
6554,1
2010,0
11060,1
12657,1
3270,0
7949,1
11544,1
2489,0
2670,0
11348,1
12240,1
5007,0
9933,1
8543,1
4773,0
3529,0
3697,0
2557,0
409,0
197,0
1312,0
2370,0
3472,0
6069,1
13,0
11493,1
12604,1
10190,1
5035,0
6403,1
11165,1
2117,0
2883,0
10279,1
10889,1
10021,1
7902,1
7590,1
6278,1
5076,1
6806,1
12203,1
7612,1
9786,1
7848,1
5459,1
3679,0
11622,1
9779,1
8679,1
7533,1
11337,1
12459,1
7856,1
9639,1
1473,0
11995,1
6784,1
7947,1
3459,0
11766,1
10188,1
9700,1
10368,1
2822,0
6230,1
8288,1
1649,0
7964,1
7841,1
10310,1
9015,1
9827,1
1409,0
2044,0
10119,1
6666,1
4875,0
6737,1
6730,1
780,0
5915,1
4320,0
10056,1
11516,1
11838,1
11292,1
3002,0
5220,1
11139,1
2702,0
6389,1
6089,1
1739,0
10268,1
7426,1
1405,0
5298,1
297,0
6052,1
6644,1
957,0
5225,1
12616,1
8531,1
10986,1
4207,0
1309,0
6622,1
9710,1
12700,1
5981,1
6608,1
6332,1
10327,1
201,0
1358,0
7461,1
1697,0
9308,1
7253,1
7930,1
3024,0
10526,1
8774,1
8421,1
4085,0
9449,1
845,0
5924,1
1292,0
4916,0
8322,1
1092,0
5829,1
10490,1
2876,0
8517,1
1528,0
10046,1
6503,1
11131,1
2336,0
1986,0
1827,0
5797,1
6374,1
8340,1
6959,1
12824,1
9548,1
8043,1
3933,0
7225,1
9173,1
1617,0
5467,1
2472,0
12045,1
8708,1
2182,0
8013,1
8838,1
3136,0
4599,0
11867,1
12716,1
12339,1
5648,1
10898,1
6924,1
3170,0
6842,1
3476,0
1013,0
11325,1
4639,0
5960,1
2469,0
1233,0
2957,0
5415,1
6985,1
10254,1
2433,0
2819,0
10746,1
10284,1
3182,0
1041,0
6415,1
5187,1
4087,0
2055,0
5354,1
10823,1
11937,1
5597,1
6869,1
3922,0
12639,1
8347,1
4144,0
517,0
12450,1
4595,0
4762,0
8155,1
3663,0
12139,1
9911,1
8683,1
2934,0
555,0
107,0
6576,1
12622,1
5216,1
5296,1
11463,1
10977,1
367,0
9481,1
6960,1
11719,1
11962,1
7193,1
9748,1
1561,0
11185,1
12757,1
10234,1
10856,1
12634,1
2419,0
3815,0
4562,0
6562,1
5363,1
1067,0
2259,0
5248,1
3716,0
1475,0
5335,1
5259,1
7853,1
11630,1
9672,1
4165,0
2037,0
2617,0
6426,1
5144,1
10502,1
12388,1
1520,0
4397,0
2791,0
10246,1
4960,0
4561,0
6509,1
5549,1
12790,1
11595,1
9523,1
274,0
1061,0
5030,0
4406,0
621,0
10887,1
2399,0
3289,0
8039,1
7394,1
10131,1
492,0
8298,1
5149,1
10585,1
7696,1
4110,0
9629,1
9504,1
3822,0
12147,1
11721,1
3081,0
2813,0
8528,1
3639,0
12737,1
11920,1
10838,1
8389,1
3832,0
9916,1
11038,1
4074,0
8330,1
10251,1
8879,1
7796,1
11230,1
9458,1
594,0
3808,0
4466,0
2646,0
7269,1
9156,1
10423,1
11847,1
9684,1
2577,0
3608,0
8267,1
6444,1
3432,0
3738,0
3021,0
8841,1
7792,1
6471,1
9552,1
1700,0
10411,1
3870,0
8453,1
12215,1
441,0
7451,1
11005,1
3833,0
3112,0
6561,1
3605,0
9330,1
1531,0
6987,1
12795,1
360,0
6102,1
9315,1
2907,0
2886,0
11975,1
5947,1
2170,0
7891,1
7175,1
8476,1
4885,0
12209,1
1391,0
6942,1
9543,1
5994,1
11677,1
4434,0
11765,1
2402,0
4425,0
4356,0
12359,1
12368,1
9335,1
9023,1
10776,1
866,0
1968,0
3218,0
1709,0
8479,1
8472,1
11644,1
2751,0
8862,1
12008,1
7348,1
3353,0
1210,0
5544,1
12562,1
7677,1
9447,1
11322,1
6269,1
1250,0
11855,1
1814,0
8886,1
4551,0
4791,0
3944,0
2659,0
1507,0
4768,0
12689,1
5851,1
9355,1
7977,1
3625,0
2240,0
5097,1
10653,1
676,0
11095,1
5507,1
6435,1
2810,0
8137,1
4296,0
2252,0
10780,1
7176,1
4254,0
8746,1
3433,0
12727,1
1049,0
3604,0
6970,1
5780,1
11300,1
12490,1
5900,1
7568,1
5741,1
6376,1
7252,1
2202,0
9788,1
386,0
11126,1
8255,1
4255,0
11233,1
3635,0
2537,0
5476,1
8131,1
10312,1
7839,1
10356,1
1881,0
7420,1
12690,1
11121,1
11509,1
2805,0
9068,1
11260,1
6774,1
5800,1
6266,1
11805,1
581,0
12475,1
5586,1
9320,1
3965,0
2282,0
919,0
1652,0
5935,1
6789,1
5161,1
6738,1
7498,1
1861,0
8637,1
7477,1
12611,1
6224,1
2091,0
8522,1
6047,1
1334,0
2136,0
7087,1
2630,0
6634,1
5558,1
11194,1
9858,1
5553,1
2573,0
669,0
9387,1
6034,1
8006,1
4737,0
2978,0
9804,1
969,0
9726,1
563,0
8577,1
694,0
7683,1
8259,1
10851,1
9716,1
8184,1
2510,0
6571,1
6880,1
4099,0
3005,0
2492,0
8699,1
7051,1
7422,1
12385,1
3840,0
8492,1
12189,1
9465,1
3310,0
10736,1
11825,1
10537,1
2511,0
7793,1
6077,1
3106,0
11371,1
6042,1
11620,1
9695,1
7203,1
10634,1
1746,0
9192,1
11645,1
90,0
6762,1
5536,1
11489,1
79,0
10952,1
12087,1
7278,1
2688,0
12114,1
6492,1
737,0
12331,1
3232,0
3028,0
2747,0
10349,1
7231,1
6547,1
3372,0
1843,0
5280,1
9922,1
4045,0
7460,1
6467,1
1529,0
2824,0
5950,1
716,0
1347,0
2682,0
404,0
3427,0
11785,1
3960,0
7404,1
2048,0
6591,1
12457,1
9445,1
12052,1
1316,0
9729,1
6035,1
9284,1
6706,1
8269,1
8723,1
4163,0
2180,0
6638,1
7658,1
114,0
7132,1
6257,1
1400,0
1681,0
4594,0
4665,0
6430,1
8344,1
881,0
9898,1
3837,0
2648,0
11426,1
2072,0
928,0
398,0
9176,1
5246,1
431,0
8326,1
188,0
3596,0
2821,0
11804,1
10957,1
9627,1
3299,0
2019,0
6310,1
7730,1
9598,1
88,0
8551,1
8382,1
10522,1
1637,0
4503,0
8469,1
1235,0
12740,1
2196,0
12522,1
2725,0
5315,1
10111,1
11312,1
6534,1
3643,0
4335,0
3271,0
2471,0
10535,1
9384,1
4353,0
3495,0
3019,0
2244,0
10774,1
7756,1
1227,0
10572,1
6933,1
9531,1
372,0
4583,0
12136,1
363,0
3134,0
8245,1
3576,0
10128,1
11868,1
2097,0
8557,1
2866,0
8367,1
1644,0
11401,1
4664,0
2935,0
5062,0
11964,1
2663,0
5275,1
12020,1
10243,1
3725,0
872,0
10604,1
9491,1
9828,1
10765,1
9404,1
1069,0
728,0
2953,0
2799,0
11673,1
11272,1
12449,1
5625,1
3524,0
12135,1
8062,1
9712,1
6539,1
6549,1
955,0
11890,1
8512,1
1342,0
4688,0
5235,1
534,0
7382,1
175,0
6543,1
10308,1
10680,1
8364,1
6781,1
8966,1
9048,1
7746,1
10600,1
11750,1
1398,0
8630,1
863,0
9379,1
7486,1
8444,1
5151,1
3757,0
8363,1
7150,1
2413,0
1584,0
885,0
7927,1
7605,1
3958,0
3295,0
10802,1
5893,1
7395,1
9688,1
2129,0
3348,0
7076,1
856,0
5270,1
5855,1
12187,1
4474,0
7965,1
375,0
7496,1
769,0
293,0
10257,1
9302,1
7299,1
1714,0
5578,1
11634,1
909,0
8335,1
3267,0
1930,0
9051,1
9770,1
9391,1
12772,1
721,0
12536,1
11991,1
11112,1
8881,1
8609,1
7148,1
12567,1
3130,0
3481,0
5435,1
12673,1
8682,1
5496,1
8350,1
5694,1
7707,1
7710,1
1630,0
8317,1
5369,1
7123,1
6650,1
4499,0
7334,1
3247,0
12140,1
8135,1
8779,1
908,0
10360,1
3070,0
11894,1
3590,0
5388,1
1685,0
11553,1
3350,0
3504,0
865,0
898,0
3149,0
11969,1
12062,1
1720,0
9206,1
6205,1
3300,0
3261,0
10256,1
5680,1
9625,1
5982,1
8622,1
11205,1
750,0
476,0
11550,1
335,0
8373,1
8414,1
4261,0
1318,0
8029,1
4475,0
8810,1
12782,1
4814,0
1931,0
8224,1
11141,1
2896,0
3100,0
8496,1
10750,1
262,0
3799,0
9298,1
3959,0
5599,1
10361,1
3189,0
2976,0
536,0
5188,1
2748,0
2654,0
3592,0
6168,1
10575,1
12007,1
5639,1
1987,0
11055,1
5417,1
2752,0
4697,0
12378,1
9500,1
358,0
867,0
8122,1
4437,0
5799,1
6725,1
1666,0
3742,0
494,0
8524,1
4098,0
4565,0
8944,1
3533,0
8519,1
11529,1
6988,1
11041,1
2425,0
2651,0
12629,1
8466,1
8641,1
11621,1
924,0
4867,0
11932,1
10960,1
3807,0
4799,0
4404,0
12598,1
2248,0
11852,1
6287,1
6686,1
11470,1
5964,1
7377,1
12230,1
4181,0
4350,0
3850,0
8870,1
6516,1
1001,0
11692,1
1298,0
2113,0
6976,1
2615,0
600,0
6255,1
10316,1
11871,1
111,0
5387,1
11404,1
2334,0
3291,0
488,0
7386,1
9678,1
9115,1
3503,0
2700,0
1963,0
11081,1
9741,1
1664,0
7443,1
470,0
2168,0
7048,1
10949,1
1133,0
2226,0
4468,0
819,0
10239,1
1917,0
9892,1
1835,0
11602,1
1216,0
7765,1
4297,0
12557,1
1320,0
1722,0
768,0
10296,1
9557,1
3970,0
6064,1
3413,0
10670,1
12409,1
12365,1
9691,1
8707,1
1387,0
2996,0
10881,1
10576,1
10367,1
12602,1
6306,1
8104,1
8293,1
3397,0
380,0
6865,1
5157,1
4345,0
2585,0
870,0
7286,1
11237,1
12048,1
6972,1
3201,0
9375,1
3989,0
1038,0
451,0
10694,1
217,0
2803,0
2155,0
7290,1
5940,1
4162,0
225,0
7667,1
6117,1
715,0
7843,1
6632,1
9180,1
8597,1
12068,1
5978,1
12157,1
2989,0
2528,0
1956,0
4149,0
3979,0
5638,1
8561,1
8415,1
1308,0
4494,0
3628,0
4719,0
1853,0
218,0
1327,0
10807,1
11664,1
3025,0
4429,0
10325,1
8648,1
781,0
10425,1
5457,1
10758,1
3715,0
1019,0
9053,1
11993,1
11160,1
553,0
2192,0
9665,1
12127,1
1469,0
12165,1
10757,1
11695,1
8546,1
6051,1
9702,1
1692,0
6097,1
9522,1
11712,1
8069,1
8302,1
12653,1
4152,0
9243,1
2816,0
2057,0
896,0
11887,1
7784,1
10890,1
8090,1
1920,0
7189,1
9633,1
7325,1
3632,0
4679,0
652,0
4545,0
6199,1
11279,1
8329,1
9512,1
4739,0
4977,0
8633,1
9154,1
6138,1
4912,0
2408,0
6838,1
9451,1
2833,0
8409,1
12797,1
1812,0
1574,0
11488,1
1628,0
2961,0
10436,1
12722,1
6475,1
3924,0
7399,1
7674,1
11242,1
5050,0
11424,1
3423,0
10888,1
12402,1
7665,1
3846,0
1015,0
9432,1
9259,1
11215,1
1985,0
8004,1
9188,1
1576,0
1155,0
6870,1
6965,1
10896,1
7248,1
10226,1
822,0
6141,1
11033,1
216,0
6998,1
12730,1
2089,0
5319,1
174,0
8464,1
5164,1
5518,1
5024,0
7934,1
5480,1
2968,0
2374,0
8768,1
2566,0
12545,1
11061,1
6082,1
6744,1
9163,1
6173,1
150,0
204,0
7717,1
3210,0
9581,1
3343,0
8169,1
6786,1
9257,1
2222,0
2541,0
5288,1
8765,1
3777,0
5677,1
11034,1
2520,0
10755,1
2491,0
7293,1
9763,1
5446,1
8616,1
1124,0
425,0
9743,1
7179,1
11606,1
5468,1
7307,1
10022,1
12344,1
2167,0
9080,1
2964,0
6091,1
3751,0
6804,1
12597,1
1686,0
9466,1
10393,1
1615,0
4993,0
7798,1
9117,1
6552,1
4988,0
11462,1
4755,0
1875,0
9928,1
5096,1
10544,1
3384,0
2173,0
5864,1
4340,0
7760,1
4362,0
620,0
11657,1
4643,0
11004,1
759,0
11054,1
5895,1
2447,0
4788,0
4326,0
8581,1
3046,0
665,0
10657,1
449,0
9506,1
17,0
2628,0
11747,1
1371,0
479,0
6065,1
9159,1
1807,0
794,0
9823,1
11736,1
1035,0
5283,1
9263,1
7387,1
11756,1
11123,1
473,0
12801,1
6977,1
6906,1
11948,1
10996,1
2837,0
12438,1
11385,1
221,0
8289,1
2067,0
4526,0
1101,0
5683,1
1783,0
4005,0
3455,0
9826,1
7058,1
9325,1
3216,0
3088,0
4939,0
1593,0
11273,1
6151,1
5984,1
4444,0
12553,1
6785,1
7997,1
11469,1
4609,0
4191,0
6193,1
5105,1
8412,1
7862,1
2559,0
3981,0
3268,0
9706,1
7770,1
12774,1
9183,1
5957,1
5059,0
954,0
11587,1
7147,1
8762,1
12836,1
9402,1
9614,1
9388,1
366,0
101,0
6713,1
4417,0
5508,1
5690,1
238,0
1775,0
4091,0
11409,1
11943,1
443,0
11505,1
5684,1
12150,1
3899,0
1138,0
1075,0
11987,1
2760,0
9501,1
1172,0
10037,1
6639,1
6104,1
5647,1
370,0
12502,1
3701,0
9001,1
2939,0
11072,1
11801,1
3273,0
8336,1
11732,1
8054,1
3938,0
3894,0
4351,0
3595,0
12595,1
11534,1
12199,1
5229,1
10289,1
1145,0
2316,0
5026,0
9219,1
4211,0
10440,1
6782,1
3818,0
5927,1
1104,0
2869,0
8904,1
2430,0
12287,1
1696,0
9132,1
758,0
2235,0
12390,1
11737,1
10599,1
3034,0
264,0
6392,1
1828,0
8831,1
1442,0
8569,1
7066,1
540,0
11078,1
11454,1
1572,0
9775,1
1147,0
4628,0
2081,0
12510,1
2150,0
5064,0
7517,1
11823,1
5290,1
3104,0
3486,0
2212,0
6573,1
4108,0
3222,0
1823,0
11483,1
3190,0
8696,1
1168,0
2358,0
1251,0
1563,0
12107,1
5029,0
10051,1
1748,0
2101,0
7607,1
12109,1
3013,0
3990,0
10904,1
1607,0
123,0
4571,0
9772,1
12859,1
3695,0
12511,1
2215,0
8782,1
8649,1
505,0
8195,1
3652,0
5615,1
11314,1
7851,1
7099,1
11224,1
5913,1
3980,0
8578,1
8119,1
6481,1
4928,0
12228,1
2992,0
1234,0
8191,1
8467,1
6708,1
5575,1
10365,1
641,0
12561,1
215,0
8931,1
12755,1
2853,0
10105,1
8395,1
8564,1
11808,1
11396,1
6923,1
7373,1
300,0
7069,1
3124,0
2427,0
5440,1
11414,1
338,0
6352,1
2245,0
2829,0
7323,1
4127,0
3554,0
9198,1
9561,1
2732,0
6653,1
1710,0
11271,1
6747,1
5013,0
3892,0
12458,1
12751,1
9400,1
7158,1
2525,0
710,0
2453,0
10919,1
11799,1
8003,1
7669,1
4674,0
11827,1
2838,0
11914,1
6491,1
4625,0
12708,1
677,0
7094,1
1076,0
11653,1
8461,1
10718,1
10218,1
11893,1
419,0
8325,1
2308,0
4600,0
12592,1
2674,0
3015,0
8839,1
9494,1
697,0
7471,1
3674,0
9236,1
1205,0
5663,1
3122,0
11373,1
1989,0
6441,1
3728,0
648,0
12206,1
9558,1
2294,0
1778,0
10098,1
4260,0
7034,1
2452,0
9021,1
10142,1
2515,0
3325,0
4877,0
292,0
2203,0
1265,0
5442,1
4493,0
6980,1
7687,1
7961,1
3358,0
10927,1
1996,0
11386,1
7257,1
5633,1
8764,1
1232,0
205,0
3184,0
11056,1
2363,0
4660,0
8611,1
7320,1
4138,0
9123,1
8924,1
8174,1
4461,0
6683,1
5511,1
12789,1
7855,1
1319,0
12311,1
2788,0
10942,1
8477,1
12580,1
4655,0
149,0
8149,1
5583,1
6476,1
6526,1
10260,1
12733,1
7553,1
3317,0
3312,0
6345,1
11579,1
3365,0
9519,1
9698,1
7171,1
10468,1
11660,1
6329,1
5095,1
8264,1
10578,1
3648,0
5438,1
4438,0
11466,1
8873,1
3637,0
3252,0
12601,1
7001,1
10607,1
8739,1
725,0
12787,1
1333,0
1084,0
10269,1
5504,1
10213,1
2172,0
4673,0
3626,0
4951,0
423,0
185,0
6126,1
2503,0
10472,1
3784,0
6605,1
6195,1
6836,1
8812,1
4233,0
2801,0
5205,1
6955,1
8627,1
3489,0
9544,1
8606,1
7778,1
11007,1
10777,1
6687,1
2071,0
7822,1
263,0
4964,0
9787,1
6655,1
6795,1
1800,0
6005,1
5016,0
1662,0
12408,1
5966,1
12565,1
7509,1
6798,1
5809,1
3220,0
5513,1
4393,0
12074,1
8178,1
2991,0
1301,0
3675,0
2255,0
7726,1
1534,0
6227,1
501,0
2246,0
7103,1
4401,0
10045,1
1121,0
3685,0
11830,1
8432,1
12096,1
1393,0
305,0
7761,1
10302,1
11397,1
10185,1
12306,1
6488,1
3903,0
1619,0
7003,1
5850,1
7036,1
1150,0
2954,0
6478,1
5497,1
4615,0
4029,0
6216,1
686,0
5254,1
7522,1
8275,1
1793,0
11036,1
1388,0
12590,1
5632,1
6512,1
6203,1
1350,0
9478,1
2720,0
5607,1
9346,1
7660,1
11351,1
8379,1
5593,1
6729,1
10095,1
3166,0
9420,1
6231,1
4619,0
4539,0
7886,1
4054,0
6022,1
4930,0
9060,1
3964,0
2062,0
12267,1
11573,1
9820,1
4057,0
2416,0
12321,1
2134,0
7370,1
11675,1
2077,0
11336,1
8582,1
7174,1
2516,0
8485,1
2971,0
2554,0
5213,1
602,0
5801,1
8177,1
11885,1
4213,0
11105,1
6779,1
8398,1
604,0
57,0
3407,0
7434,1
6856,1
1102,0
418,0
532,0
3349,0
3154,0
4744,0
8435,1
4032,0
4731,0
3642,0
7064,1
1732,0
6170,1
6380,1
7911,1
2224,0
7682,1
3105,0
5878,1
1918,0
2644,0
3474,0
4283,0
11500,1
6590,1
9730,1
11939,1
9972,1
5921,1
6761,1
12102,1
953,0
10229,1
7611,1
8514,1
7298,1
2199,0
3374,0
10369,1
3073,0
5857,1
7596,1
12183,1
10245,1
11683,1
2950,0
12398,1
4994,0
4068,0
8763,1
308,0
2862,0
10521,1
2076,0
1849,0
11598,1
3139,0
10708,1
12827,1
2181,0
7550,1
10811,1
4017,0
2335,0
3582,0
783,0
6032,1
1761,0
483,0
11164,1
9186,1
11842,1
6377,1
9348,1
3948,0
10297,1
7775,1
2024,0
3655,0
10442,1
9260,1
4187,0
5000,0
10683,1
11647,1
11507,1
1440,0
9250,1
2470,0
7228,1
47,0
11828,1
6670,1
12186,1
12861,1
1456,0
2481,0
12328,1
3915,0
7819,1
7209,1
7389,1
11341,1
976,0
2841,0
7516,1
6440,1
578,0
6893,1
8711,1
6920,1
12334,1
5393,1
5215,1
11090,1
11071,1
6533,1
11324,1
5329,1
4602,0
7318,1
12478,1
11136,1
10084,1
11111,1
2689,0
8977,1
11172,1
775,0
3953,0
8556,1
6530,1
9011,1
438,0
951,0
8867,1
3513,0
10541,1
3214,0
10410,1
8118,1
2271,0
5818,1
9482,1
1120,0
12376,1
6153,1
6355,1
2396,0
1852,0
7613,1
6309,1
8441,1
4453,0
765,0
4754,0
9311,1
1864,0
11881,1
5959,1
11228,1
5810,1
9705,1
9509,1
1080,0
12205,1
4034,0
1445,0
1663,0
1139,0
1555,0
9150,1
4288,0
3278,0
8726,1
7844,1
11062,1
28,0
362,0
4844,0
9914,1
10997,1
206,0
5666,1
10500,1
5410,1
12720,1
9207,1
4620,0
7776,1
6432,1
1012,0
5228,1
8751,1
3737,0
7029,1
612,0
2034,0
7114,1
68,0
8215,1
2759,0
1238,0
11434,1
8478,1
3498,0
2923,0
10790,1
405,0
7963,1
4876,0
12717,1
4919,0
1945,0
9317,1
10712,1
12514,1
5093,1
9995,1
6295,1
10731,1
6756,1
2317,0
3749,0
2532,0
12618,1
4071,0
6351,1
8663,1
9251,1
4858,0
9372,1
631,0
4446,0
4212,0
12446,1
3839,0
4135,0
2236,0
12123,1
3351,0
624,0
1153,0
8713,1
8790,1
9515,1
9813,1
184,0
315,0
11668,1
11168,1
9993,1
1357,0
7867,1
12099,1
7238,1
7513,1
1118,0
11911,1
11684,1
10408,1
12224,1
4023,0
3802,0
3550,0
4961,0
1527,0
1397,0
2054,0
7447,1
3380,0
8426,1
643,0
7018,1
4976,0
1882,0
10139,1
4142,0
42,0
5404,1
10767,1
7083,1
9602,1
7636,1
7311,1
177,0
11102,1
3732,0
10371,1
4043,0
11956,1
1839,0
5503,1
7998,1
8701,1
9408,1
5652,1
6030,1
6026,1
2312,0
4021,0
3733,0
2701,0
1585,0
5557,1
7521,1
6184,1
11642,1
4974,0
7542,1
461,0
11254,1
9279,1
9386,1
9045,1
11906,1
12179,1
413,0
9106,1
4449,0
12347,1
3842,0
3138,0
260,0
11319,1
9541,1
7616,1
2039,0
2852,0
8844,1
900,0
2600,0
3702,0
12246,1
1503,0
472,0
9421,1
7414,1
9957,1
12860,1
10145,1
8423,1
10511,1
1428,0
4726,0
223,0
5133,1
734,0
3574,0
1840,0
3830,0
10921,1
4189,0
5485,1
5869,1
12588,1
9112,1
2362,0
8545,1
1955,0
12307,1
628,0
2400,0
6218,1
3128,0
6741,1
2401,0
2721,0
3736,0
8101,1
4857,0
11441,1
2195,0
38,0
5849,1
4511,0
4743,0
7510,1
1441,0
7236,1
10116,1
7804,1
6470,1
8547,1
8932,1
16,0
6023,1
712,0
3114,0
9812,1
2429,0
4442,0
7514,1
1810,0
4220,0
5265,1
11820,1
10184,1
4678,0
510,0
8093,1
5102,1
6969,1
1074,0
6520,1
2428,0
8877,1
10042,1
8640,1
11658,1
5838,1
921,0
4538,0
2083,0
7678,1
12010,1
1873,0
1523,0
4363,0
8019,1
6039,1
2673,0
8285,1
6462,1
5403,1
1938,0
4095,0
10362,1
9078,1
8579,1
8358,1
4874,0
1036,0
7905,1
933,0
6453,1
3442,0
7527,1
12035,1
10829,1
3610,0
2672,0
6134,1
10647,1
10430,1
8237,1
5338,1
7893,1
1564,0
8903,1
2484,0
829,0
12259,1
10805,1
5237,1
5350,1
8428,1
3061,0
9573,1
6610,1
2985,0
8111,1
6493,1
9825,1
12348,1
8273,1
1323,0
8645,1
2517,0
10833,1
960,0
5317,1
2614,0
8529,1
1522,0
8495,1
1701,0
3401,0
5914,1
12247,1
9125,1
3654,0
8129,1
8253,1
10376,1
3469,0
5141,1
5186,1
5971,1
10964,1
1230,0
5389,1
2161,0
11244,1
8666,1
2355,0
2441,0
5519,1
9211,1
7992,1
12180,1
1412,0
7157,1
3337,0
4151,0
1269,0
10512,1
12817,1
211,0
2766,0
8391,1
7815,1
2556,0
76,0
11639,1
10262,1
5003,0
878,0
1134,0
3133,0
10228,1
10827,1
4301,0
12778,1
1165,0
5727,1
5766,1
11297,1
5022,0
1639,0
7540,1
10828,1
115,0
11264,1
10748,1
11851,1
7987,1
10258,1
3920,0
2075,0
6866,1
2465,0
11225,1
2650,0
9669,1
6423,1
1479,0
2032,0
7136,1
5080,1
7803,1
10584,1
7478,1
10933,1
10381,1
11532,1
3429,0
10772,1
4621,0
5807,1
2631,0
8673,1
5218,1
1449,0
12586,1
592,0
288,0
12630,1
10187,1
10288,1
31,0
877,0
8853,1
6243,1
5773,1
5676,1
10602,1
3425,0
6405,1
10404,1
10492,1
2575,0
10474,1
1903,0
9233,1
2188,0
12710,1
12442,1
12312,1
7880,1
547,0
683,0
548,0
12371,1
9800,1
8258,1
10306,1
6811,1
2041,0
11113,1
1611,0
10818,1
9764,1
12142,1
1618,0
10282,1
10973,1
4467,0
156,0
646,0
8396,1
4884,0
7539,1
3627,0
7795,1
1115,0
9881,1
11173,1
106,0
3320,0
8055,1
9018,1
10644,1
901,0
8079,1
1591,0
8643,1
12493,1
3681,0
4896,0
10453,1
4067,0
9473,1
5405,1
4883,0
9486,1
7429,1
3677,0
11378,1
941,0
9141,1
893,0
2274,0
1805,0
5664,1
4470,0
7354,1
10426,1
3609,0
7695,1
2776,0
1767,0
10117,1
6019,1
6837,1
4276,0
9711,1
9113,1
9866,1
1137,0
3838,0
519,0
3412,0
6347,1
1661,0
5552,1
12110,1
1071,0
6228,1
6390,1
6197,1
3720,0
11408,1
10808,1
6398,1
6409,1
2714,0
5538,1
7304,1
9337,1
2952,0
10324,1
8822,1
4990,0
9546,1
11876,1
4669,0
7697,1
9931,1
2604,0
3357,0
10954,1
912,0
10618,1
4264,0
5447,1
8437,1
9912,1
7508,1
5687,1
11977,1
3382,0
813,0
11363,1
11285,1
9031,1
7626,1
5420,1
3544,0
450,0
12735,1
9470,1
2960,0
369,0
5178,1
2309,0
11370,1
5930,1
6335,1
7901,1
10995,1
1376,0
5032,0
5701,1
12117,1
7661,1
2137,0
336,0
2239,0
11615,1
10115,1
4035,0
9483,1
11576,1
10489,1
6381,1
3721,0
11784,1
8596,1
10782,1
3999,0
11219,1
10666,1
918,0
1060,0
6206,1
9477,1
1181,0
9917,1
368,0
2771,0
3229,0
660,0
2066,0
2051,0
4064,0
11705,1
9177,1
5134,1
2393,0
11182,1
9785,1
62,0
837,0
2330,0
7321,1
11298,1
10923,1
9463,1
10972,1
1915,0
1328,0
8688,1
2865,0
2550,0
8252,1
10018,1
109,0
34,0
11210,1
7501,1
10705,1
6107,1
8100,1
5289,1
12517,1
4709,0
644,0
10865,1
4522,0
10662,1
5847,1
8628,1
8338,1
7119,1
7368,1
1089,0
12070,1
6157,1
1411,0
9880,1
12098,1
1006,0
4229,0
4170,0
5691,1
189,0
936,0
243,0
1796,0
6515,1
11965,1
33,0
10160,1
4037,0
4572,0
5107,1
2769,0
9870,1
8632,1
6603,1
4661,0
4860,0
10667,1
132,0
6110,1
8197,1
3448,0
8794,1
2443,0
11207,1
3698,0
10379,1
1096,0
4748,0
12441,1
8788,1
8791,1
11555,1
12625,1
27,0
3240,0
1872,0
9938,1
1420,0
5819,1
9301,1
4981,0
5266,1
7617,1
2937,0
421,0
11018,1
11774,1
1195,0
8662,1
3636,0
2782,0
10293,1
2015,0
10313,1
4097,0
8208,1
10590,1
11339,1
8936,1
2544,0
10118,1
2012,0
9562,1
6248,1
10939,1
5822,1
2612,0
8236,1
1646,0
361,0
7597,1
365,0
9904,1
12012,1
4747,0
7689,1
12758,1
99,0
9185,1
11178,1
9794,1
12380,1
8599,1
485,0
7388,1
11157,1
155,0
12534,1
5196,1
10725,1
4496,0
1003,0
11288,1
7268,1
1070,0
3235,0
7585,1
8971,1
10560,1
5707,1
4193,0
6765,1
1170,0
4395,0
9061,1
7240,1
2811,0
7067,1
1079,0
9038,1
6093,1
1171,0
4014,0
5995,1
5867,1
12702,1
12556,1
6772,1
7475,1
6237,1
12128,1
10300,1
7584,1
7704,1
8549,1
10421,1
10860,1
12865,1
7734,1
11565,1
803,0
2036,0
12104,1
3452,0
10734,1
931,0
437,0
11931,1
6646,1
6667,1
6721,1
3315,0
4941,0
6286,1
2746,0
3569,0
10892,1
3660,0
12320,1
1590,0
10595,1
2562,0
5286,1
11383,1
11046,1
11239,1
1851,0
8392,1
6578,1
9605,1
5037,0
6357,1
4735,0
8030,1
12053,1
7072,1
2880,0
11822,1
12667,1
10642,1
1166,0
12828,1
8584,1
291,0
6385,1
6778,1
6916,1
11760,1
5789,1
7095,1
6070,1
4228,0
6685,1
623,0
12251,1
5967,1
10385,1
4795,0
4506,0
4194,0
9193,1
11413,1
3772,0
12108,1
7874,1
2739,0
1090,0
1300,0
985,0
4392,0
10686,1
11374,1
4196,0
6407,1
3497,0
4869,0
1314,0
8193,1
7200,1
5929,1
12451,1
4294,0
1395,0
9118,1
11088,1
8227,1
12120,1
4482,0
12243,1
5385,1
9623,1
3388,0
2378,0
2493,0
94,0
12732,1
381,0
2998,0
2088,0
10812,1
3150,0
459,0
23,0
8939,1
714,0
4020,0
10127,1
3445,0
9703,1
10221,1
7343,1
9442,1
491,0
6760,1
7741,1
7167,1
2868,0
7361,1
2311,0
7688,1
2165,0
5253,1
7042,1
12432,1
12623,1
3044,0
7425,1
6268,1
2636,0
3713,0
2840,0
854,0
4460,0
5815,1
2006,0
9066,1
5747,1
9140,1
10693,1
9249,1
6009,1
3443,0
6318,1
323,0
4540,0
5610,1
6548,1
4616,0
6947,1
11485,1
11497,1
5169,1
7415,1
10422,1
846,0
3650,0
11032,1
5952,1
5392,1
1237,0
5456,1
5725,1
11077,1
4235,0
12609,1
7464,1
3245,0
4711,0
6944,1
8468,1
5624,1
10476,1
8614,1
56,0
3532,0
3479,0
12395,1
4648,0
1858,0
2464,0
1965,0
12248,1
10907,1
9321,1
1975,0
4802,0
10240,1
12649,1
1845,0
8281,1
10866,1
6604,1
2126,0
8536,1
11834,1
12005,1
9399,1
10979,1
9521,1
5608,1
1413,0
8383,1
8321,1
11806,1
2727,0
6305,1
916,0
7159,1
11699,1
6531,1
8151,1
8372,1
3564,0
2468,0
10982,1
7530,1
5182,1
1745,0
10429,1
9410,1
4292,0
2982,0
1383,0
1516,0
899,0
6343,1
3242,0
6597,1
3254,0
5370,1
8910,1
11844,1
2710,0
5559,1
2966,0
5116,1
5713,1
7621,1
6186,1
6830,1
5120,1
3912,0
9747,1
12396,1
6642,1
5226,1
12417,1
5373,1
10247,1
7536,1
10058,1
5322,1
5222,1
10605,1
12370,1
3375,0
9579,1
6902,1
1545,0
1443,0
232,0
3591,0
5613,1
5540,1
1951,0
6204,1
7262,1
1682,0
2145,0
9476,1
7335,1
6394,1
6061,1
5046,0
9002,1
10684,1
10861,1
7469,1
874,0
8590,1
10370,1
7523,1
3826,0
12587,1
741,0
6835,1
11196,1
2021,0
11191,1
10216,1
8994,1
2576,0
6606,1
629,0
11764,1
255,0
5060,0
9485,1
8046,1
12448,1
6941,1
8798,1
11310,1
5154,1
5171,1
3692,0
12125,1
9795,1
11326,1
6702,1
6140,1
1912,0
6873,1
11810,1
603,0
12027,1
10206,1
645,0
11973,1
6452,1
5198,1
2234,0
5693,1
8393,1
3947,0
2597,0
6181,1
11925,1
3789,0
4271,0
1068,0
763,0
8702,1
3500,0
10538,1
1770,0
10298,1
12227,1
7598,1
5872,1
10870,1
5649,1
12821,1
296,0
9807,1
12747,1
8209,1
9413,1
10019,1
3215,0
4137,0
5986,1
12685,1
8575,1
11793,1
10329,1
4764,0
2332,0
6094,1
4431,0
11641,1
10908,1
6085,1
1119,0
8937,1
10858,1
1803,0
6249,1
4039,0
12589,1
7681,1
11616,1
736,0
5131,1
8712,1
6908,1
4505,0
8777,1
11258,1
619,0
2622,0
4311,0
12470,1
3511,0
8381,1
10711,1
11686,1
2381,0
6416,1
10434,1
9456,1
6648,1
6373,1
1103,0
944,0
572,0
4720,0
5376,1
11531,1
2435,0
10743,1
5079,1
11106,1
8793,1
6801,1
1220,0
8893,1
10439,1
6210,1
6506,1
2233,0
3392,0
8671,1
8669,1
942,0
12314,1
7817,1
1625,0
9427,1
880,0
3004,0
10564,1
5918,1
11162,1
1299,0
12399,1
658,0
8703,1
4761,0
10714,1
4775,0
1098,0
8840,1
4635,0
7033,1
3294,0
7535,1
10012,1
7224,1
8728,1
9611,1
8752,1
6939,1
1151,0
4036,0
2887,0
6613,1
5486,1
3049,0
5946,1
6643,1
12092,1
12654,1
4663,0
2567,0
8799,1
5129,1
1201,0
667,0
11220,1
10004,1
2910,0
1190,0
10010,1
3057,0
526,0
2823,0
2767,0
4352,0
4307,0
949,0
7959,1
1640,0
6161,1
10626,1
1463,0
9901,1
7984,1
4157,0
9974,1
9189,1
8323,1
7900,1
6874,1
10283,1
2211,0
3328,0
1219,0
3704,0
11108,1
12367,1
7500,1
6860,1
7128,1
4086,0
10546,1
7866,1
4129,0
1972,0
1766,0
848,0
935,0
10104,1
11951,1
4577,0
7686,1
69,0
12838,1
11795,1
10936,1
3501,0
11020,1
7008,1
9954,1
8011,1
3151,0
7275,1
303,0
5380,1
10627,1
10398,1
11154,1
9318,1
7110,1
4827,0
12832,1
4906,0
9290,1
770,0
8438,1
9393,1
10800,1
8270,1
10527,1
995,0
1944,0
1797,0
5208,1
5444,1
9480,1
795,0
10061,1
966,0
10350,1
6223,1
681,0
1756,0
939,0
7620,1
7054,1
9547,1
12810,1
9593,1
10031,1
6750,1
10587,1
3693,0
647,0
2473,0
6819,1
4959,0
2467,0
454,0
3669,0
1627,0
12208,1
11959,1
11340,1
9618,1
4164,0
9303,1
4849,0
5665,1
2050,0
766,0
3206,0
1183,0
4917,0
6375,1
4999,0
11085,1
6131,1
542,0
8819,1
10204,1
2731,0
9108,1
10163,1
11533,1
3767,0
2928,0
2001,0
2279,0
1229,0
1130,0
327,0
7288,1
10733,1
1902,0
1571,0
6302,1
11780,1
2333,0
7579,1
6875,1
12341,1
7412,1
10832,1
8888,1
9837,1
6466,1
12229,1
4373,0
1997,0
11520,1
518,0
5391,1
5660,1
6882,1
6505,1
1769,0
9366,1
9765,1
12683,1
3108,0
7004,1
10518,1
18,0
1016,0
12762,1
5067,1
8272,1
1621,0
10563,1
11813,1
12057,1
433,0
12552,1
2377,0
8667,1
3197,0
11980,1
11626,1
11726,1
4913,0
1768,0
10157,1
7184,1
4205,0
12273,1
858,0
11551,1
7973,1
1974,0
5640,1
1719,0
12769,1
6877,1
2395,0
2846,0
10998,1
11762,1
2753,0
2102,0
10048,1
7261,1
5482,1
4624,0
2797,0
8950,1
9968,1
1142,0
2715,0
3670,0
798,0
964,0
4386,0
7635,1
10523,1
5185,1
7654,1
12468,1
4745,0
2198,0
8999,1
12661,1
11874,1
330,0
9371,1
4156,0
12786,1
8866,1
2462,0
5514,1
7101,1
8982,1
836,0
6773,1
8565,1
1244,0
6362,1
4710,0
4777,0
3890,0
2658,0
2904,0
11011,1
11543,1
5158,1
509,0
4479,0
6075,1
2310,0
5706,1
11891,1
11083,1
8736,1
10751,1
6201,1
1582,0
10548,1
2293,0
3752,0
4840,0
5355,1
2695,0
7670,1
11558,1
7080,1
8159,1
9092,1
7337,1
9495,1
12655,1
1913,0
2570,0
11659,1
10555,1
9932,1
6822,1
7221,1
3545,0
8226,1
4821,0
9789,1
2106,0
9982,1
8820,1
3341,0
12518,1
3539,0
12309,1
8091,1
6971,1
9890,1
7980,1
8483,1
5479,1
11611,1
732,0
3926,0
96,0
6159,1
685,0
4491,0
639,0
10033,1
4914,0
12636,1
2338,0
3243,0
11069,1
7424,1
6508,1
1508,0
7809,1
5910,1
7650,1
11981,1
12130,1
6864,1
3565,0
3396,0
5100,1
3987,0
5269,1
9310,1
9005,1
6618,1
6298,1
103,0
10826,1
4617,0
8998,1
6296,1
4322,0
6044,1
1429,0
7644,1
8017,1
3444,0
6261,1
2696,0
11003,1
2045,0
1704,0
11017,1
3248,0
8487,1
1275,0
7191,1
4879,0
12858,1
11145,1
7723,1
7563,1
11724,1
6946,1
2221,0
9204,1
10405,1
6455,1
545,0
9900,1
12126,1
857,0
1325,0
11226,1
7014,1
12650,1
9064,1
5841,1
4436,0
5697,1
11733,1
3935,0
10594,1
3647,0
2197,0
248,0
4497,0
11372,1
8490,1
5975,1
5472,1
2879,0
78,0
8139,1
1236,0
8510,1
9736,1
6787,1
779,0
3528,0
4028,0
4839,0
7417,1
2218,0
5224,1
9145,1
6693,1
8918,1
853,0
10380,1
81,0
7085,1
663,0
2098,0
2026,0
7129,1
5197,1
9433,1
1846,0
8266,1
8583,1
12476,1
10455,1
6145,1
8908,1
6715,1
3018,0
4073,0
565,0
12487,1
10191,1
10346,1
9452,1
7739,1
12064,1
3156,0
6735,1
5751,1
314,0
3709,0
5407,1
4428,0
2561,0
4676,0
3867,0
3322,0
11203,1
12844,1
4046,0
9332,1
12279,1
213,0
12646,1
7978,1
11028,1
10339,1
1716,0
5963,1
10903,1
5148,1
4365,0
5092,1
5631,1
6276,1
12643,1
831,0
979,0
3107,0
2969,0
24,0
6460,1
12665,1
8127,1
5214,1
5590,1
9604,1
1005,0
6957,1
4834,0
4323,0
11546,1
9049,1
10928,1
2742,0
5045,0
7755,1
7850,1
1160,0
12400,1
8507,1
2676,0
1279,0
3531,0
324,0
10628,1
10958,1
11584,1
6068,1
328,0
7489,1
6258,1
6839,1
7766,1
6338,1
1705,0
4278,0
9103,1
3089,0
943,0
3490,0
1218,0
12584,1
10947,1
5645,1
5009,0
2699,0
11425,1
699,0
1111,0
12391,1
5173,1
2107,0
6156,1
7869,1
1444,0
8445,1
10902,1
8097,1
6991,1
5837,1
3068,0
2099,0
10804,1
1885,0
7218,1
11458,1
11012,1
8807,1
9497,1
8960,1
661,0
7895,1
1078,0
696,0
4986,0
4570,0
9339,1
5696,1
7198,1
4198,0
4380,0
4831,0
7702,1
5358,1
3333,0
3854,0
7876,1
3426,0
4649,0
6522,1
777,0
10336,1
12194,1
11472,1
5463,1
6849,1
10724,1
9783,1
12283,1
7937,1
8605,1
4935,0
2086,0
5566,1
3379,0
4962,0
5361,1
11817,1
6165,1
4642,0
12137,1
7922,1
5646,1
2798,0
4693,0
3563,0
6191,1
7027,1
3835,0
7981,1
7543,1
9082,1
2787,0
5870,1
4041,0
12677,1
1698,0
6898,1
2361,0
12569,1
2371,0
8855,1
1330,0
2958,0
2189,0
2551,0
8498,1
140,0
6607,1
8377,1
5085,1
5523,1
12088,1
5985,1
11140,1
3976,0
3085,0
5825,1
3262,0
938,0
5147,1
897,0
10831,1
8416,1
9267,1
8991,1
12269,1
5008,0
1382,0
590,0
5600,1
417,0
4358,0
4171,0
2052,0
10944,1
2417,0
5183,1
8880,1
7829,1
5859,1
4864,0
9733,1
9020,1
1809,0
8449,1
10601,1
8912,1
11853,1
9630,1
4682,0
7972,1
5876,1
11866,1
2652,0
9616,1
2482,0
11752,1
8283,1
276,0
1485,0
8084,1
12413,1
6363,1
9133,1
7112,1
3640,0
6487,1
679,0
6072,1
1600,0
9,0
44,0
1491,0
7405,1
11333,1
12538,1
12615,1
7577,1
10891,1
5137,1
2539,0
5337,1
5673,1
7716,1
3286,0
10208,1
1248,0
4210,0
11870,1
10499,1
11898,1
7106,1
9397,1
8099,1
8523,1
8201,1
3526,0
6574,1
9988,1
8920,1
4654,0
10791,1
12662,1
6164,1
3485,0
6437,1
12484,1
12453,1
5204,1
9423,1
2618,0
5612,1
11259,1
11999,1
10211,1
11693,1
12606,1
1850,0
8086,1
1711,0
7230,1
6709,1
5413,1
1517,0
383,0
10387,1
3195,0
6857,1
7466,1
4117,0
1877,0
2884,0
1386,0
4983,0
7000,1
9981,1
2542,0
11632,1
564,0
3506,0
5143,1
5653,1
6018,1
9203,1
7967,1
10617,1
8835,1
5276,1
11545,1
7070,1
11309,1
9944,1
3659,0
2705,0
12081,1
8845,1
2475,0
329,0
10946,1
8843,1
1132,0
9077,1
8028,1
9903,1
5923,1
7825,1
6575,1
12454,1
12401,1
2092,0
7664,1
2151,0
12245,1
5824,1
5551,1
10065,1
9194,1
6428,1
729,0
10876,1
4553,0
5330,1
9094,1
11232,1
10465,1
12843,1
7502,1
8608,1
2251,0
5167,1
5591,1
9613,1
11019,1
2909,0
6443,1
4291,0
7065,1
10272,1
1094,0
7994,1
8929,1
6404,1
9057,1
8128,1
11086,1
3620,0
12525,1
11773,1
3691,0
5011,0
2669,0
6400,1
3700,0
4592,0
1348,0
3159,0
1752,0
2698,0
7032,1
11241,1
10825,1
8750,1
11147,1
12527,1
4909,0
3568,0
7545,1
11713,1
3993,0
3132,0
12847,1
10901,1
12641,1
364,0
12813,1
5556,1
4070,0
2677,0
9340,1
8065,1
402,0
8989,1
1031,0
5517,1
4612,0
10918,1
8470,1
6995,1
6704,1
12082,1
10109,1
6152,1
11955,1
2213,0
8204,1
6565,1
6238,1
2414,0
351,0
996,0
9200,1
4412,0
7526,1
1345,0
6901,1
816,0
860,0
3153,0
2315,0
1474,0
5494,1
7818,1
4214,0
8968,1
389,0
8234,1
3555,0
691,0
7459,1
2608,0
9055,1
11849,1
5004,0
11883,1
11393,1
7199,1
10333,1
12236,1
2675,0
3804,0
5881,1
7040,1
11715,1
4223,0
5255,1
3925,0
5968,1
10905,1
384,0
8366,1
722,0
7631,1
378,0
11313,1
9111,1
9076,1
2518,0
6096,1
6958,1
9155,1
4388,0
3086,0
7118,1
4364,0
11711,1
6411,1
3327,0
464,0
10810,1
4809,0
4314,0
4567,0
3858,0
3141,0
1525,0
6342,1
1450,0
10565,1
4253,0
8940,1
11837,1
4629,0
233,0
6113,1
9563,1
8260,1
6356,1
5771,1
2745,0
12407,1
9228,1
5099,1
1093,0
7279,1
7300,1
9721,1
4439,0
6420,1
11390,1
7456,1
4180,0
8481,1
3535,0
11266,1
9520,1
11905,1
3176,0
10025,1
6900,1
10965,1
2990,0
1911,0
10783,1
6545,1
7519,1
388,0
4038,0
6031,1
6834,1
12543,1
11253,1
11935,1
5108,1
5596,1
11836,1
10925,1
10236,1
9936,1
569,0
4830,0
12806,1
4305,0
4263,0
10806,1
830,0
1866,0
5278,1
1905,0
6956,1
6056,1
11521,1
7554,1
11246,1
9906,1
3221,0
4106,0
8390,1
3851,0
5452,1
7201,1
3810,0
10457,1
5903,1
8854,1
12225,1
1763,0
5654,1
12714,1
12725,1
3723,0
87,0
12644,1
12763,1
11716,1
4997,0
4700,0
5509,1
1062,0
3487,0
6045,1
12298,1
104,0
7948,1
203,0
4500,0
1995,0
9766,1
11443,1
11903,1
9632,1
10341,1
2709,0
3453,0
2808,0
3502,0
5911,1
695,0
9877,1
3491,0
10924,1
12241,1
1799,0
7022,1
8318,1
2956,0
66,0
4778,0
7330,1
7749,1
1215,0
5502,1
8274,1
11707,1
2530,0
2867,0
4490,0
6537,1
2094,0
190,0
8248,1
12177,1
12833,1
1559,0
5827,1
6696,1
4656,0
5203,1
11304,1
12793,1
8661,1
3910,0
4528,0
4769,0
1249,0
827,0
350,0
1935,0
3244,0
4537,0
11124,1
7831,1
2220,0
4309,0
9510,1
10091,1
10879,1
937,0
4486,0
1284,0
11950,1
9719,1
5058,0
8895,1
12509,1
666,0
1566,0
3718,0
12682,1
8219,1
2449,0
5581,1
2366,0
7520,1
1603,0
3066,0
6584,1
742,0
10792,1
3360,0
345,0
4010,0
4652,0
2873,0
12872,1
9753,1
6524,1
5662,1
5843,1
4903,0
579,0
5576,1
390,0
10114,1
8928,1
10786,1
1064,0
1186,0
11170,1
9724,1
8863,1
6661,1
7392,1
7309,1
6538,1
5311,1
2087,0
10129,1
3239,0
10681,1
1505,0
10625,1
4332,0
687,0
4107,0
1487,0
8491,1
2596,0
10703,1
7144,1
11570,1
2929,0
8714,1
4950,0
9836,1
4586,0
9862,1
7166,1
2420,0
6,0
10261,1
1848,0
5853,1
4729,0
2859,0
2350,0
3276,0
8935,1
9896,1
5065,0
10167,1
9313,1
5894,1
2496,0
8660,1
672,0
10503,1
6907,1
5748,1
10132,1
1338,0
5520,1
12804,1
3194,0
4462,0
12439,1
2637,0
10737,1
6585,1
12582,1
10399,1
9280,1
7212,1
8442,1
4083,0
7852,1
5042,0
2733,0
7771,1
1676,0
7986,1
6635,1
7141,1
4208,0
2193,0
3408,0
12421,1
6541,1
2264,0
3939,0
2364,0
5636,1
11167,1
10166,1
4244,0
6812,1
10232,1
11487,1
1674,0
2422,0
10314,1
8884,1
11860,1
8593,1
9956,1
6718,1
4476,0
5027,0
11481,1
122,0
8294,1
8555,1
408,0
12608,1
8171,1
10397,1
11128,1
11678,1
4125,0
11445,1
3615,0
8732,1
11610,1
1684,0
11444,1
6344,1
7060,1
7380,1
1624,0
7270,1
10773,1
9970,1
4082,0
11208,1
12497,1
2206,0
3067,0
12499,1
3389,0
7446,1
12315,1
752,0
4452,0
6879,1
10304,1
513,0
10428,1
2680,0
12182,1
9908,1
10353,1
10274,1
8500,1
9886,1
11082,1
8286,1
261,0
10394,1
2079,0
1223,0
5543,1
9872,1
1029,0
8241,1
1755,0
5554,1
1830,0
5348,1
10635,1
9324,1
12750,1
5366,1
6111,1
12000,1
7680,1
4270,0
298,0
11725,1
10165,1
6024,1
12656,1
1992,0
1654,0
9856,1
6489,1
3573,0
3047,0
5719,1
9622,1
6175,1
10023,1
9032,1
4636,0
11129,1
10038,1
10198,1
11899,1
11502,1
1842,0
4516,0
9714,1
12138,1
1355,0
3391,0
9101,1
2863,0
39,0
1127,0
720,0
8957,1
8647,1
9778,1
707,0
1007,0
4911,0
10674,1
12794,1
5498,1
11512,1
5883,1
705,0
5871,1
2446,0
10556,1
430,0
7074,1
4724,0
355,0
12415,1
2031,0
10450,1
3332,0
11318,1
7609,1
5856,1
12566,1
8973,1
9343,1
6060,1
2103,0
9681,1
497,0
6122,1
2132,0
4324,0
3745,0
139,0
1468,0
7213,1
10103,1
11016,1
3204,0
11618,1
7920,1
8570,1
7445,1
5656,1
2922,0
12866,1
3496,0
9167,1
6270,1
116,0
9663,1
11290,1
11748,1
3638,0
10661,1
5398,1
8964,1
4177,0
12411,1
11949,1
10878,1
1295,0
6974,1
1432,0
883,0
2405,0
3000,0
10280,1
5728,1
2694,0
8494,1
5796,1
3308,0
3329,0
8795,1
3120,0
2162,0
7369,1
119,0
9680,1
10338,1
2806,0
9989,1
12144,1
4031,0
7340,1
1367,0
744,0
11089,1
4359,0
1494,0
11809,1
11654,1
5933,1
8074,1
4488,0
5014,0
11892,1
8309,1
12516,1
4650,0
2825,0
8909,1
5138,1
3103,0
7143,1
8969,1
5715,1
2146,0
2431,0
5359,1
10815,1
9530,1
9808,1
5912,1
11176,1
3281,0
4657,0
10027,1
8397,1
3560,0
5955,1
12066,1
684,0
9418,1
5264,1
4269,0
1497,0
8804,1
2488,0
12721,1
7715,1
9003,1
2519,0
8436,1
172,0
9732,1
9040,1
10652,1
3814,0
7993,1
10471,1
3090,0
11293,1
11821,1
6984,1
4881,0
3119,0
3386,0
4225,0
11631,1
5941,1
10508,1
6062,1
1683,0
5951,1
12211,1
10561,1
10993,1
4568,0
2633,0
4175,0
1884,0
2785,0
6777,1
7945,1
4963,0
275,0
12164,1
3541,0
5642,1
12170,1
5136,1
1020,0
10222,1
6952,1
2476,0
4153,0
6746,1
2661,0
10443,1
9819,1
9660,1
8655,1
4047,0
9946,1
5884,1
353,0
8821,1
8874,1
12802,1
6456,1
3012,0
439,0
7031,1
5954,1
7282,1
10281,1
10913,1
1513,0
5539,1
11101,1
12305,1
11211,1
632,0
1264,0
6063,1
11206,1
5382,1
3664,0
6813,1
8642,1
9099,1
9526,1
12161,1
7314,1
8316,1
5320,1
117,0
8060,1
12573,1
2281,0
9095,1
8168,1
10843,1
7444,1
4048,0
7558,1
2786,0
7316,1
2247,0
1402,0
9090,1
8972,1
63,0
1192,0
10637,1
5239,1
11913,1
6499,1
7378,1
1532,0
10277,1
191,0
9436,1
5184,1
10558,1
7332,1
2268,0
7791,1
1263,0
1033,0
2815,0
414,0
7713,1
1200,0
5406,1
10212,1
6527,1
6932,1
484,0
1496,0
9953,1
10675,1
5346,1
12489,1
163,0
11811,1
4818,0
12526,1
9455,1
4601,0
2111,0
2120,0
2534,0
1214,0
998,0
7782,1
6146,1
1339,0
8755,1
7936,1
7393,1
3665,0
1973,0
11063,1
10174,1
11473,1
12115,1
810,0
9590,1
7954,1
7234,1
7547,1
10401,1
2386,0
9235,1
4093,0
5961,1
9848,1
7903,1
9606,1
9846,1
5887,1
7204,1
5623,1
9652,1
2029,0
3828,0
9657,1
6450,1
733,0
9751,1
4266,0
5078,1
10702,1
11202,1
8816,1
6081,1
10862,1
5736,1
12731,1
1381,0
2410,0
10991,1
86,0
9607,1
9407,1
10321,1
3298,0
6304,1
1105,0
4060,0
9212,1
12500,1
4423,0
7525,1
6794,1
1311,0
8087,1
9143,1
7059,1
5460,1
6734,1
5321,1
9472,1
12605,1
58,0
1967,0
6169,1
582,0
11418,1
9553,1
10253,1
7785,1
807,0
7021,1
8141,1
10485,1
3259,0
6712,1
1562,0
9927,1
9693,1
719,0
1631,0
10252,1
5101,1
6188,1
10516,1
11862,1
6558,1
7659,1
7324,1
1687,0
6850,1
8651,1
3111,0
1189,0
5976,1
11422,1
10475,1
3199,0
11076,1
1048,0
6163,1
5781,1
10373,1
2941,0
5371,1
12564,1
7365,1
1193,0
4598,0
4717,0
7989,1
3318,0
6434,1
2389,0
9659,1
7939,1
5835,1
11861,1
10550,1
9430,1
1530,0
5411,1
2902,0
4771,0
11557,1
1887,0
5816,1
3387,0
7506,1
1937,0
7467,1
7645,1
8402,1
10354,1
2440,0
10182,1
8300,1
8638,1
5943,1
4063,0
7595,1
5072,1
2668,0
3094,0
12336,1
7745,1
4752,0
9799,1
91,0
3008,0
6681,1
2620,0
8271,1
3260,0
11590,1
12546,1
6922,1
7155,1
8621,1
9213,1
9373,1
2210,0
12444,1
5332,1
3523,0
10677,1
5885,1
11229,1
3634,0
465,0
8559,1
4622,0
3180,0
5124,1
9316,1
12642,1
6109,1
8166,1
9364,1
3768,0
1176,0
2684,0
3126,0
1613,0
5733,1
10452,1
12058,1
4946,0
4587,0
48,0
11734,1
10669,1
8890,1
1274,0
7561,1
9803,1
9861,1
1753,0
12026,1
6990,1
10871,1
3420,0
10509,1
11025,1
550,0
8781,1
4201,0
11577,1
186,0
3567,0
8081,1
8861,1
312,0
2059,0
6284,1
4267,0
11265,1
997,0
8301,1
3051,0
6447,1
5089,1
1782,0
6848,1
2163,0
4905,0
5445,1
4924,0
10347,1
6442,1
9699,1
6399,1
4293,0
4954,0
1949,0
267,0
773,0
282,0
2857,0
5082,1
9378,1
10009,1
8588,1
11474,1
5122,1
8417,1
10043,1
6055,1
7559,1
2286,0
1718,0
5461,1
2069,0
9341,1
1143,0
9646,1
2589,0
5949,1
426,0
7216,1
5232,1
6743,1
2421,0
6226,1
10377,1
1816,0
10210,1
3770,0
126,0
5904,1
4770,0
2061,0
5260,1
5422,1
9269,1
7757,1
7075,1
377,0
4011,0
1936,0
3516,0
12410,1
10922,1
8692,1
9897,1
2834,0
1712,0
8945,1
5628,1
387,0
7758,1
9792,1
4396,0
8891,1
9336,1
1490,0
8076,1
9162,1
1726,0
828,0
12651,1
9468,1
2139,0
354,0
7557,1
8346,1
12709,1
10515,1
12218,1
10685,1
4150,0
2208,0
2906,0
7109,1
4751,0
3414,0
2763,0
9059,1
5300,1
10026,1
8012,1
11856,1
11446,1
7656,1
2148,0
6133,1
5831,1
10102,1
1948,0
2040,0
9130,1
535,0
7,0
8424,1
10532,1
10763,1
11243,1
12796,1
7752,1
4102,0
12691,1
12694,1
772,0
2610,0
3196,0
9299,1
5351,1
530,0
7202,1
1765,0
10967,1
2149,0
3174,0
10867,1
12495,1
6337,1
11222,1
7435,1
9429,1
428,0
6414,1
3907,0
10507,1
2341,0
6909,1
3819,0
5049,0
3782,0
12202,1
11682,1
10697,1
8656,1
5299,1
3314,0
10727,1
2649,0
4427,0
2772,0
3868,0
1122,0
3908,0
12846,1
5307,1
3405,0
8836,1
6986,1
10196,1
10696,1
9434,1
1509,0
9232,1
3264,0
8769,1
9685,1
7251,1
11289,1
9484,1
903,0
4937,0
1178,0
10917,1
6015,1
10330,1
9709,1
10445,1
3307,0
4308,0
2105,0
10803,1
6497,1
2871,0
10003,1
8985,1
4232,0
7107,1
2169,0
8738,1
29,0
11839,1
9683,1
6124,1
8997,1
9840,1
5682,1
8815,1
7493,1
9253,1
1392,0
4268,0
11212,1
5526,1
11286,1
9767,1
392,0
8422,1
8700,1
10441,1
10701,1
1415,0
3483,0
3553,0
1542,0
6480,1
1567,0
9012,1
6994,1
7111,1
11217,1
7873,1
3311,0
12749,1
3616,0
2995,0
562,0
4317,0
12744,1
8953,1
4647,0
3684,0
8217,1
9809,1
12780,1
228,0
12571,1
2591,0
11142,1
178,0
9147,1
5066,0
4218,0
8534,1
1107,0
12386,1
7648,1
10197,1
12286,1
3678,0
5396,1
7833,1
817,0
11284,1
12252,1
5211,1
1546,0
8277,1
6698,1
4119,0
8889,1
7363,1
12412,1
8770,1
1671,0
434,0
5023,0
12101,1
3266,0
1057,0
1691,0
6582,1
5174,1
6290,1
84,0
8626,1
1515,0
154,0
10940,1
8896,1
7296,1
1721,0
9885,1
567,0
10768,1
2227,0
11672,1
5121,1
4088,0
12054,1
2490,0
3161,0
7180,1
8974,1
9907,1
12765,1
12452,1
12268,1
3040,0
923,0
12384,1
4092,0
12146,1
4638,0
11103,1
12039,1
10291,1
6592,1
11091,1
2463,0
11099,1
6621,1
7256,1
4938,0
5165,1
4843,0
10654,1
12113,1
2486,0
2398,0
36,0
12871,1
8109,1
5146,1
11936,1
609,0
10433,1
12692,1
2178,0
7126,1
2770,0
4072,0
9224,1
8698,1
7421,1
6095,1
11276,1
12257,1
6281,1
1046,0
5862,1
10070,1
5817,1
7789,1
8725,1
8005,1
6671,1
2926,0
5421,1
1568,0
6446,1
7864,1
2201,0
9107,1
9382,1
5972,1
339,0
6176,1
3003,0
3458,0
12874,1
9762,1
10884,1
9529,1
460,0
9168,1
2038,0
12423,1
8664,1
8102,1
7313,1
585,0
4315,0
3690,0
9905,1
6931,1
3324,0
2477,0
7835,1
3977,0
1202,0
3543,0
2053,0
3303,0
11195,1
1086,0
9041,1
3058,0
2979,0
5785,1
1315,0
2912,0
3794,0
651,0
7810,1
11650,1
6792,1
1370,0
9924,1
4478,0
8145,1
4080,0
4633,0
11781,1
7492,1
9784,1
10481,1
2780,0
6823,1
1085,0
7438,1
12460,1
12848,1
8165,1
6966,1
9843,1
10632,1
4247,0
1792,0
12023,1
8374,1
7077,1
10488,1
8124,1
3929,0
6219,1
12742,1
6115,1
167,0
10729,1
2962,0
4200,0
2784,0
10155,1
337,0
11744,1
4956,0
8132,1
10417,1
6917,1
7092,1
8724,1
258,0
1794,0
11865,1
9119,1
12723,1
7271,1
10612,1
3968,0
10013,1
4855,0
12808,1
12835,1
5230,1
7145,1
4477,0
7786,1
7160,1
11530,1
876,0
4574,0
5019,0
10912,1
10446,1
1776,0
9760,1
5039,0
4803,0
1302,0
2947,0
5028,0
670,0
10375,1
8552,1
6832,1
51,0
7679,1
11599,1
3827,0
7472,1
11703,1
2046,0
3292,0
5088,1
1109,0
5057,0
6511,1
2843,0
2152,0
4361,0
9528,1
1072,0
8646,1
5671,1
8800,1
10275,1
11918,1
8740,1
10305,1
11580,1
6482,1
2144,0
2228,0
346,0
7859,1
6999,1
1222,0
9238,1
12437,1
10611,1
5194,1
265,0
12301,1
587,0
6300,1
1916,0
3708,0
9542,1
4094,0
989,0
11332,1
8775,1
3726,0
1260,0
6359,1
4683,0
6912,1
10963,1
12540,1
11235,1
6349,1
12760,1
5752,1
7918,1
8741,1
5634,1
8761,1
6402,1
9376,1
1010,0
12024,1
7090,1
2123,0
1616,0
9849,1
1258,0
6073,1
10633,1
1867,0
10096,1
6057,1
6937,1
4691,0
4174,0
5312,1
6192,1
11356,1
6688,1
7744,1
224,0
4441,0
11798,1
4591,0
10189,1
3097,0
9960,1
8731,1
11754,1
4781,0
9096,1
1743,0
859,0
4714,0
10414,1
8050,1
8242,1
9202,1
2861,0
8231,1
198,0
2406,0
1841,0
520,0
1870,0
11671,1
8719,1
2461,0
6791,1
5805,1
1158,0
2412,0
9214,1
6755,1
9624,1
506,0
9508,1
3778,0
3394,0
10756,1
9902,1
11667,1
1009,0
3186,0
1679,0
4096,0
4030,0
6949,1
1874,0
8685,1
8235,1
4842,0
8941,1
3510,0
10087,1
12767,1
6025,1
10610,1
12788,1
2984,0
2506,0
2125,0
8280,1
8156,1
7303,1
8411,1
1378,0
4966,0
557,0
4865,0
3165,0
8878,1
2523,0
5521,1
10664,1
2505,0
9344,1
9525,1
2997,0
5424,1
2655,0
8324,1
1004,0
8482,1
2529,0
289,0
1056,0
422,0
8906,1
1825,0
3274,0
219,0
11456,1
11833,1
2318,0
10799,1
671,0
7538,1
9977,1
1037,0
7805,1
12719,1
4209,0
12663,1
688,0
7397,1
7931,1
12745,1
8951,1
1953,0
3036,0
9978,1
7449,1
5487,1
1283,0
10462,1
8212,1
5416,1
4910,0
1524,0
4982,0
5429,1
12112,1
1289,0
892,0
10834,1
11889,1
3207,0
1340,0
751,0
6828,1
4863,0
8690,1
7474,1
1966,0
2844,0
5428,1
8571,1
4008,0
1406,0
9370,1
1988,0
1024,0
7254,1
4934,0
7938,1
2963,0
4733,0
9661,1
12244,1
6918,1
11269,1
6855,1
8811,1
718,0
11858,1
1034,0
9178,1
12063,1
4398,0
10974,1
11619,1
1672,0
5567,1
8876,1
10259,1
2920,0
12381,1
1862,0
4450,0
6253,1
6532,1
8233,1
7768,1
7529,1
146,0
3847,0
7872,1
1095,0
6483,1
7419,1
776,0
2986,0
6935,1
7206,1
8499,1
10536,1
10785,1
11896,1
10015,1
10798,1
10199,1
4774,0
5812,1
8186,1
4925,0
4421,0
5020,0
2647,0
6583,1
3885,0
5091,1
12354,1
3950,0
10150,1
4659,0
566,0
7772,1
2697,0
10470,1
12153,1
7357,1
3857,0
9169,1
3508,0
2897,0
273,0
5397,1
5750,1
9668,1
11080,1
8020,1
7409,1
9252,1
7259,1
4666,0
9446,1
8313,1
5516,1
4573,0
10016,1
12009,1
6247,1
10687,1
10483,1
1950,0
2860,0
8995,1
5284,1
10837,1
141,0
3178,0
21,0
6840,1
706,0
3157,0
11109,1
9738,1
6465,1
176,0
560,0
10407,1
6701,1
1605,0
5119,1
2548,0
5711,1
10621,1
12513,1
9952,1
54,0
12332,1
3430,0
3473,0
10244,1
135,0
9385,1
11687,1
8691,1
3606,0
1410,0
1924,0
6615,1
4882,0
4257,0
11612,1
2456,0
7484,1
10002,1
3780,0
7046,1
1123,0
10073,1
8604,1
5635,1
9642,1
12333,1
10841,1
12559,1
136,0
2783,0
12482,1
521,0
3465,0
3256,0
7163,1
2298,0
5582,1
12071,1
10121,1
8220,1
6265,1
6080,1
2025,0
7754,1
11952,1
4240,0
8742,1
7133,1
591,0
5306,1
444,0
1880,0
9641,1
1363,0
7544,1
11117,1
6612,1
11267,1
6101,1
5199,1
4376,0
11053,1
331,0
9637,1
8031,1
4816,0
4056,0
11315,1
8190,1
8357,1
12575,1
9689,1
2634,0
8497,1
6659,1
11287,1
12214,1
11189,1
5379,1
10487,1
2384,0
2273,0
4199,0
10303,1
9380,1
10853,1
11161,1
4343,0
12237,1
12414,1
6769,1
10477,1
2681,0
10055,1
12581,1
9694,1
6139,1
8789,1
12492,1
6327,1
9191,1
1932,0
283,0
8083,1
7122,1
1894,0
7194,1
10759,1
4342,0
6484,1
1690,0
3226,0
6011,1
10935,1
6979,1
2933,0
320,0
11050,1
636,0
4759,0
11420,1
4172,0
8297,1
8744,1
2911,0
6672,1
9046,1
9416,1
9975,1
907,0
6601,1
3530,0
10672,1
9152,1
7041,1
10149,1
7888,1
12660,1
5616,1
4549,0
947,0
12032,1
1228,0
8506,1
11968,1
4334,0
10691,1
12752,1
6007,1
4206,0
9727,1
8938,1
6233,1
11797,1
7328,1
10916,1
1822,0
11480,1
12754,1
552,0
8211,1
4465,0
1580,0
8108,1
1511,0
12162,1
11694,1
3790,0
1177,0
4582,0
10847,1
12014,1
4880,0
12404,1
2127,0
12105,1
3589,0
9615,1
7662,1
6589,1
6982,1
1702,0
12200,1
749,0
8295,1
12568,1
4280,0
11138,1
11183,1
8503,1
6763,1
11728,1
6973,1
9422,1
8672,1
12363,1
7909,1
3411,0
6036,1
7512,1
7453,1
10597,1
8044,1
4784,0
6049,1
12374,1
9889,1
9802,1
7532,1
130,0
11643,1
